-- MySQL dump 10.13  Distrib 8.0.19, for macos10.15 (x86_64)
--
-- Host: 127.0.0.1    Database: vshop
-- ------------------------------------------------------
-- Server version	8.0.17

/*!40101 SET @OLD_CHARACTER_SET_CLIENT=@@CHARACTER_SET_CLIENT */;
/*!40101 SET @OLD_CHARACTER_SET_RESULTS=@@CHARACTER_SET_RESULTS */;
/*!40101 SET @OLD_COLLATION_CONNECTION=@@COLLATION_CONNECTION */;
/*!50503 SET NAMES utf8mb4 */;
/*!40103 SET @OLD_TIME_ZONE=@@TIME_ZONE */;
/*!40103 SET TIME_ZONE='+00:00' */;
/*!40014 SET @OLD_UNIQUE_CHECKS=@@UNIQUE_CHECKS, UNIQUE_CHECKS=0 */;
/*!40014 SET @OLD_FOREIGN_KEY_CHECKS=@@FOREIGN_KEY_CHECKS, FOREIGN_KEY_CHECKS=0 */;
/*!40101 SET @OLD_SQL_MODE=@@SQL_MODE, SQL_MODE='NO_AUTO_VALUE_ON_ZERO' */;
/*!40111 SET @OLD_SQL_NOTES=@@SQL_NOTES, SQL_NOTES=0 */;

--
-- Table structure for table `QRTZ_BLOB_TRIGGERS`
--

DROP TABLE IF EXISTS `QRTZ_BLOB_TRIGGERS`;
/*!40101 SET @saved_cs_client     = @@character_set_client */;
/*!50503 SET character_set_client = utf8mb4 */;
CREATE TABLE `QRTZ_BLOB_TRIGGERS` (
  `sched_name` varchar(120) NOT NULL,
  `trigger_name` varchar(200) NOT NULL,
  `trigger_group` varchar(200) NOT NULL,
  `blob_data` blob,
  PRIMARY KEY (`sched_name`,`trigger_name`,`trigger_group`),
  CONSTRAINT `QRTZ_BLOB_TRIGGERS_ibfk_1` FOREIGN KEY (`sched_name`, `trigger_name`, `trigger_group`) REFERENCES `QRTZ_TRIGGERS` (`sched_name`, `trigger_name`, `trigger_group`)
) ENGINE=InnoDB DEFAULT CHARSET=utf8mb4 COLLATE=utf8mb4_0900_ai_ci;
/*!40101 SET character_set_client = @saved_cs_client */;

--
-- Dumping data for table `QRTZ_BLOB_TRIGGERS`
--

LOCK TABLES `QRTZ_BLOB_TRIGGERS` WRITE;
/*!40000 ALTER TABLE `QRTZ_BLOB_TRIGGERS` DISABLE KEYS */;
/*!40000 ALTER TABLE `QRTZ_BLOB_TRIGGERS` ENABLE KEYS */;
UNLOCK TABLES;

--
-- Table structure for table `QRTZ_CALENDARS`
--

DROP TABLE IF EXISTS `QRTZ_CALENDARS`;
/*!40101 SET @saved_cs_client     = @@character_set_client */;
/*!50503 SET character_set_client = utf8mb4 */;
CREATE TABLE `QRTZ_CALENDARS` (
  `sched_name` varchar(120) NOT NULL,
  `calendar_name` varchar(200) NOT NULL,
  `calendar` blob NOT NULL,
  PRIMARY KEY (`sched_name`,`calendar_name`)
) ENGINE=InnoDB DEFAULT CHARSET=utf8mb4 COLLATE=utf8mb4_0900_ai_ci;
/*!40101 SET character_set_client = @saved_cs_client */;

--
-- Dumping data for table `QRTZ_CALENDARS`
--

LOCK TABLES `QRTZ_CALENDARS` WRITE;
/*!40000 ALTER TABLE `QRTZ_CALENDARS` DISABLE KEYS */;
/*!40000 ALTER TABLE `QRTZ_CALENDARS` ENABLE KEYS */;
UNLOCK TABLES;

--
-- Table structure for table `QRTZ_CRON_TRIGGERS`
--

DROP TABLE IF EXISTS `QRTZ_CRON_TRIGGERS`;
/*!40101 SET @saved_cs_client     = @@character_set_client */;
/*!50503 SET character_set_client = utf8mb4 */;
CREATE TABLE `QRTZ_CRON_TRIGGERS` (
  `sched_name` varchar(120) NOT NULL,
  `trigger_name` varchar(200) NOT NULL,
  `trigger_group` varchar(200) NOT NULL,
  `cron_expression` varchar(200) NOT NULL,
  `time_zone_id` varchar(80) DEFAULT NULL,
  PRIMARY KEY (`sched_name`,`trigger_name`,`trigger_group`),
  CONSTRAINT `QRTZ_CRON_TRIGGERS_ibfk_1` FOREIGN KEY (`sched_name`, `trigger_name`, `trigger_group`) REFERENCES `QRTZ_TRIGGERS` (`sched_name`, `trigger_name`, `trigger_group`)
) ENGINE=InnoDB DEFAULT CHARSET=utf8mb4 COLLATE=utf8mb4_0900_ai_ci;
/*!40101 SET character_set_client = @saved_cs_client */;

--
-- Dumping data for table `QRTZ_CRON_TRIGGERS`
--

LOCK TABLES `QRTZ_CRON_TRIGGERS` WRITE;
/*!40000 ALTER TABLE `QRTZ_CRON_TRIGGERS` DISABLE KEYS */;
INSERT INTO `QRTZ_CRON_TRIGGERS` VALUES ('RuoyiScheduler','TASK_CLASS_NAME1','DEFAULT','0/10 * * * * ?','Asia/Shanghai'),('RuoyiScheduler','TASK_CLASS_NAME2','DEFAULT','0/15 * * * * ?','Asia/Shanghai'),('RuoyiScheduler','TASK_CLASS_NAME3','DEFAULT','0/20 * * * * ?','Asia/Shanghai');
/*!40000 ALTER TABLE `QRTZ_CRON_TRIGGERS` ENABLE KEYS */;
UNLOCK TABLES;

--
-- Table structure for table `QRTZ_FIRED_TRIGGERS`
--

DROP TABLE IF EXISTS `QRTZ_FIRED_TRIGGERS`;
/*!40101 SET @saved_cs_client     = @@character_set_client */;
/*!50503 SET character_set_client = utf8mb4 */;
CREATE TABLE `QRTZ_FIRED_TRIGGERS` (
  `sched_name` varchar(120) NOT NULL,
  `entry_id` varchar(95) NOT NULL,
  `trigger_name` varchar(200) NOT NULL,
  `trigger_group` varchar(200) NOT NULL,
  `instance_name` varchar(200) NOT NULL,
  `fired_time` bigint(13) NOT NULL,
  `sched_time` bigint(13) NOT NULL,
  `priority` int(11) NOT NULL,
  `state` varchar(16) NOT NULL,
  `job_name` varchar(200) DEFAULT NULL,
  `job_group` varchar(200) DEFAULT NULL,
  `is_nonconcurrent` varchar(1) DEFAULT NULL,
  `requests_recovery` varchar(1) DEFAULT NULL,
  PRIMARY KEY (`sched_name`,`entry_id`)
) ENGINE=InnoDB DEFAULT CHARSET=utf8mb4 COLLATE=utf8mb4_0900_ai_ci;
/*!40101 SET character_set_client = @saved_cs_client */;

--
-- Dumping data for table `QRTZ_FIRED_TRIGGERS`
--

LOCK TABLES `QRTZ_FIRED_TRIGGERS` WRITE;
/*!40000 ALTER TABLE `QRTZ_FIRED_TRIGGERS` DISABLE KEYS */;
/*!40000 ALTER TABLE `QRTZ_FIRED_TRIGGERS` ENABLE KEYS */;
UNLOCK TABLES;

--
-- Table structure for table `QRTZ_JOB_DETAILS`
--

DROP TABLE IF EXISTS `QRTZ_JOB_DETAILS`;
/*!40101 SET @saved_cs_client     = @@character_set_client */;
/*!50503 SET character_set_client = utf8mb4 */;
CREATE TABLE `QRTZ_JOB_DETAILS` (
  `sched_name` varchar(120) NOT NULL,
  `job_name` varchar(200) NOT NULL,
  `job_group` varchar(200) NOT NULL,
  `description` varchar(250) DEFAULT NULL,
  `job_class_name` varchar(250) NOT NULL,
  `is_durable` varchar(1) NOT NULL,
  `is_nonconcurrent` varchar(1) NOT NULL,
  `is_update_data` varchar(1) NOT NULL,
  `requests_recovery` varchar(1) NOT NULL,
  `job_data` blob,
  PRIMARY KEY (`sched_name`,`job_name`,`job_group`)
) ENGINE=InnoDB DEFAULT CHARSET=utf8mb4 COLLATE=utf8mb4_0900_ai_ci;
/*!40101 SET character_set_client = @saved_cs_client */;

--
-- Dumping data for table `QRTZ_JOB_DETAILS`
--

LOCK TABLES `QRTZ_JOB_DETAILS` WRITE;
/*!40000 ALTER TABLE `QRTZ_JOB_DETAILS` DISABLE KEYS */;
INSERT INTO `QRTZ_JOB_DETAILS` VALUES ('RuoyiScheduler','TASK_CLASS_NAME1','DEFAULT',NULL,'com.ruoyi.common.utils.job.QuartzDisallowConcurrentExecution','0','1','0','0',_binary '¬\í\0sr\0org.quartz.JobDataMapŸ°ƒè¿©°\Ë\0\0xr\0&org.quartz.utils.StringKeyDirtyFlagMap‚\è\Ãû\Å](\0Z\0allowsTransientDataxr\0org.quartz.utils.DirtyFlagMap\æ.­(v\n\Î\0Z\0dirtyL\0mapt\0Ljava/util/Map;xpsr\0java.util.HashMap\ÚÁ\Ã`\Ñ\0F\0\nloadFactorI\0	thresholdxp?@\0\0\0\0\0w\0\0\0\0\0\0t\0TASK_PROPERTIESsr\0\'com.ruoyi.project.monitor.domain.SysJob\0\0\0\0\0\0\0\0L\0\nconcurrentt\0Ljava/lang/String;L\0cronExpressionq\0~\0	L\0invokeTargetq\0~\0	L\0jobGroupq\0~\0	L\0jobIdt\0Ljava/lang/Long;L\0jobNameq\0~\0	L\0\rmisfirePolicyq\0~\0	L\0statusq\0~\0	xr\0)com.ruoyi.framework.web.domain.BaseEntity\0\0\0\0\0\0\0\0\nL\0	beginTimeq\0~\0	L\0createByq\0~\0	L\0\ncreateTimet\0Ljava/util/Date;L\0	dataScopeq\0~\0	L\0endTimeq\0~\0	L\0paramsq\0~\0L\0remarkq\0~\0	L\0searchValueq\0~\0	L\0updateByq\0~\0	L\0\nupdateTimeq\0~\0xppt\0adminsr\0java.util.DatehjKYt\0\0xpw\0\0b,\Ş)\àxpppt\0\0pppt\01t\00/10 * * * * ?t\0ryTask.ryNoParamst\0DEFAULTsr\0java.lang.Long;‹\äÌ#\ß\0J\0valuexr\0java.lang.Number†¬•”\à‹\0\0xp\0\0\0\0\0\0\0t\0ç³»ç»Ÿé»˜è®¤ï¼ˆæ— å‚ï¼‰t\03t\01x\0'),('RuoyiScheduler','TASK_CLASS_NAME2','DEFAULT',NULL,'com.ruoyi.common.utils.job.QuartzDisallowConcurrentExecution','0','1','0','0',_binary '¬\í\0sr\0org.quartz.JobDataMapŸ°ƒè¿©°\Ë\0\0xr\0&org.quartz.utils.StringKeyDirtyFlagMap‚\è\Ãû\Å](\0Z\0allowsTransientDataxr\0org.quartz.utils.DirtyFlagMap\æ.­(v\n\Î\0Z\0dirtyL\0mapt\0Ljava/util/Map;xpsr\0java.util.HashMap\ÚÁ\Ã`\Ñ\0F\0\nloadFactorI\0	thresholdxp?@\0\0\0\0\0w\0\0\0\0\0\0t\0TASK_PROPERTIESsr\0\'com.ruoyi.project.monitor.domain.SysJob\0\0\0\0\0\0\0\0L\0\nconcurrentt\0Ljava/lang/String;L\0cronExpressionq\0~\0	L\0invokeTargetq\0~\0	L\0jobGroupq\0~\0	L\0jobIdt\0Ljava/lang/Long;L\0jobNameq\0~\0	L\0\rmisfirePolicyq\0~\0	L\0statusq\0~\0	xr\0)com.ruoyi.framework.web.domain.BaseEntity\0\0\0\0\0\0\0\0\nL\0	beginTimeq\0~\0	L\0createByq\0~\0	L\0\ncreateTimet\0Ljava/util/Date;L\0	dataScopeq\0~\0	L\0endTimeq\0~\0	L\0paramsq\0~\0L\0remarkq\0~\0	L\0searchValueq\0~\0	L\0updateByq\0~\0	L\0\nupdateTimeq\0~\0xppt\0adminsr\0java.util.DatehjKYt\0\0xpw\0\0b,\Ş)\àxpppt\0\0pppt\01t\00/15 * * * * ?t\0ryTask.ryParams(\'ry\')t\0DEFAULTsr\0java.lang.Long;‹\äÌ#\ß\0J\0valuexr\0java.lang.Number†¬•”\à‹\0\0xp\0\0\0\0\0\0\0t\0ç³»ç»Ÿé»˜è®¤ï¼ˆæœ‰å‚ï¼‰t\03t\01x\0'),('RuoyiScheduler','TASK_CLASS_NAME3','DEFAULT',NULL,'com.ruoyi.common.utils.job.QuartzDisallowConcurrentExecution','0','1','0','0',_binary '¬\í\0sr\0org.quartz.JobDataMapŸ°ƒè¿©°\Ë\0\0xr\0&org.quartz.utils.StringKeyDirtyFlagMap‚\è\Ãû\Å](\0Z\0allowsTransientDataxr\0org.quartz.utils.DirtyFlagMap\æ.­(v\n\Î\0Z\0dirtyL\0mapt\0Ljava/util/Map;xpsr\0java.util.HashMap\ÚÁ\Ã`\Ñ\0F\0\nloadFactorI\0	thresholdxp?@\0\0\0\0\0w\0\0\0\0\0\0t\0TASK_PROPERTIESsr\0\'com.ruoyi.project.monitor.domain.SysJob\0\0\0\0\0\0\0\0L\0\nconcurrentt\0Ljava/lang/String;L\0cronExpressionq\0~\0	L\0invokeTargetq\0~\0	L\0jobGroupq\0~\0	L\0jobIdt\0Ljava/lang/Long;L\0jobNameq\0~\0	L\0\rmisfirePolicyq\0~\0	L\0statusq\0~\0	xr\0)com.ruoyi.framework.web.domain.BaseEntity\0\0\0\0\0\0\0\0\nL\0	beginTimeq\0~\0	L\0createByq\0~\0	L\0\ncreateTimet\0Ljava/util/Date;L\0	dataScopeq\0~\0	L\0endTimeq\0~\0	L\0paramsq\0~\0L\0remarkq\0~\0	L\0searchValueq\0~\0	L\0updateByq\0~\0	L\0\nupdateTimeq\0~\0xppt\0adminsr\0java.util.DatehjKYt\0\0xpw\0\0b,\Ş)\àxpppt\0\0pppt\01t\00/20 * * * * ?t\08ryTask.ryMultipleParams(\'ry\', true, 2000L, 316.50D, 100)t\0DEFAULTsr\0java.lang.Long;‹\äÌ#\ß\0J\0valuexr\0java.lang.Number†¬•”\à‹\0\0xp\0\0\0\0\0\0\0t\0ç³»ç»Ÿé»˜è®¤ï¼ˆå¤šå‚ï¼‰t\03t\01x\0');
/*!40000 ALTER TABLE `QRTZ_JOB_DETAILS` ENABLE KEYS */;
UNLOCK TABLES;

--
-- Table structure for table `QRTZ_LOCKS`
--

DROP TABLE IF EXISTS `QRTZ_LOCKS`;
/*!40101 SET @saved_cs_client     = @@character_set_client */;
/*!50503 SET character_set_client = utf8mb4 */;
CREATE TABLE `QRTZ_LOCKS` (
  `sched_name` varchar(120) NOT NULL,
  `lock_name` varchar(40) NOT NULL,
  PRIMARY KEY (`sched_name`,`lock_name`)
) ENGINE=InnoDB DEFAULT CHARSET=utf8mb4 COLLATE=utf8mb4_0900_ai_ci;
/*!40101 SET character_set_client = @saved_cs_client */;

--
-- Dumping data for table `QRTZ_LOCKS`
--

LOCK TABLES `QRTZ_LOCKS` WRITE;
/*!40000 ALTER TABLE `QRTZ_LOCKS` DISABLE KEYS */;
INSERT INTO `QRTZ_LOCKS` VALUES ('RuoyiScheduler','STATE_ACCESS'),('RuoyiScheduler','TRIGGER_ACCESS');
/*!40000 ALTER TABLE `QRTZ_LOCKS` ENABLE KEYS */;
UNLOCK TABLES;

--
-- Table structure for table `QRTZ_PAUSED_TRIGGER_GRPS`
--

DROP TABLE IF EXISTS `QRTZ_PAUSED_TRIGGER_GRPS`;
/*!40101 SET @saved_cs_client     = @@character_set_client */;
/*!50503 SET character_set_client = utf8mb4 */;
CREATE TABLE `QRTZ_PAUSED_TRIGGER_GRPS` (
  `sched_name` varchar(120) NOT NULL,
  `trigger_group` varchar(200) NOT NULL,
  PRIMARY KEY (`sched_name`,`trigger_group`)
) ENGINE=InnoDB DEFAULT CHARSET=utf8mb4 COLLATE=utf8mb4_0900_ai_ci;
/*!40101 SET character_set_client = @saved_cs_client */;

--
-- Dumping data for table `QRTZ_PAUSED_TRIGGER_GRPS`
--

LOCK TABLES `QRTZ_PAUSED_TRIGGER_GRPS` WRITE;
/*!40000 ALTER TABLE `QRTZ_PAUSED_TRIGGER_GRPS` DISABLE KEYS */;
/*!40000 ALTER TABLE `QRTZ_PAUSED_TRIGGER_GRPS` ENABLE KEYS */;
UNLOCK TABLES;

--
-- Table structure for table `QRTZ_SCHEDULER_STATE`
--

DROP TABLE IF EXISTS `QRTZ_SCHEDULER_STATE`;
/*!40101 SET @saved_cs_client     = @@character_set_client */;
/*!50503 SET character_set_client = utf8mb4 */;
CREATE TABLE `QRTZ_SCHEDULER_STATE` (
  `sched_name` varchar(120) NOT NULL,
  `instance_name` varchar(200) NOT NULL,
  `last_checkin_time` bigint(13) NOT NULL,
  `checkin_interval` bigint(13) NOT NULL,
  PRIMARY KEY (`sched_name`,`instance_name`)
) ENGINE=InnoDB DEFAULT CHARSET=utf8mb4 COLLATE=utf8mb4_0900_ai_ci;
/*!40101 SET character_set_client = @saved_cs_client */;

--
-- Dumping data for table `QRTZ_SCHEDULER_STATE`
--

LOCK TABLES `QRTZ_SCHEDULER_STATE` WRITE;
/*!40000 ALTER TABLE `QRTZ_SCHEDULER_STATE` DISABLE KEYS */;
INSERT INTO `QRTZ_SCHEDULER_STATE` VALUES ('RuoyiScheduler','wanghuandeMacBook-Pro.local1585710259934',1585726045733,15000);
/*!40000 ALTER TABLE `QRTZ_SCHEDULER_STATE` ENABLE KEYS */;
UNLOCK TABLES;

--
-- Table structure for table `QRTZ_SIMPLE_TRIGGERS`
--

DROP TABLE IF EXISTS `QRTZ_SIMPLE_TRIGGERS`;
/*!40101 SET @saved_cs_client     = @@character_set_client */;
/*!50503 SET character_set_client = utf8mb4 */;
CREATE TABLE `QRTZ_SIMPLE_TRIGGERS` (
  `sched_name` varchar(120) NOT NULL,
  `trigger_name` varchar(200) NOT NULL,
  `trigger_group` varchar(200) NOT NULL,
  `repeat_count` bigint(7) NOT NULL,
  `repeat_interval` bigint(12) NOT NULL,
  `times_triggered` bigint(10) NOT NULL,
  PRIMARY KEY (`sched_name`,`trigger_name`,`trigger_group`),
  CONSTRAINT `QRTZ_SIMPLE_TRIGGERS_ibfk_1` FOREIGN KEY (`sched_name`, `trigger_name`, `trigger_group`) REFERENCES `QRTZ_TRIGGERS` (`sched_name`, `trigger_name`, `trigger_group`)
) ENGINE=InnoDB DEFAULT CHARSET=utf8mb4 COLLATE=utf8mb4_0900_ai_ci;
/*!40101 SET character_set_client = @saved_cs_client */;

--
-- Dumping data for table `QRTZ_SIMPLE_TRIGGERS`
--

LOCK TABLES `QRTZ_SIMPLE_TRIGGERS` WRITE;
/*!40000 ALTER TABLE `QRTZ_SIMPLE_TRIGGERS` DISABLE KEYS */;
/*!40000 ALTER TABLE `QRTZ_SIMPLE_TRIGGERS` ENABLE KEYS */;
UNLOCK TABLES;

--
-- Table structure for table `QRTZ_SIMPROP_TRIGGERS`
--

DROP TABLE IF EXISTS `QRTZ_SIMPROP_TRIGGERS`;
/*!40101 SET @saved_cs_client     = @@character_set_client */;
/*!50503 SET character_set_client = utf8mb4 */;
CREATE TABLE `QRTZ_SIMPROP_TRIGGERS` (
  `sched_name` varchar(120) NOT NULL,
  `trigger_name` varchar(200) NOT NULL,
  `trigger_group` varchar(200) NOT NULL,
  `str_prop_1` varchar(512) DEFAULT NULL,
  `str_prop_2` varchar(512) DEFAULT NULL,
  `str_prop_3` varchar(512) DEFAULT NULL,
  `int_prop_1` int(11) DEFAULT NULL,
  `int_prop_2` int(11) DEFAULT NULL,
  `long_prop_1` bigint(20) DEFAULT NULL,
  `long_prop_2` bigint(20) DEFAULT NULL,
  `dec_prop_1` decimal(13,4) DEFAULT NULL,
  `dec_prop_2` decimal(13,4) DEFAULT NULL,
  `bool_prop_1` varchar(1) DEFAULT NULL,
  `bool_prop_2` varchar(1) DEFAULT NULL,
  PRIMARY KEY (`sched_name`,`trigger_name`,`trigger_group`),
  CONSTRAINT `QRTZ_SIMPROP_TRIGGERS_ibfk_1` FOREIGN KEY (`sched_name`, `trigger_name`, `trigger_group`) REFERENCES `QRTZ_TRIGGERS` (`sched_name`, `trigger_name`, `trigger_group`)
) ENGINE=InnoDB DEFAULT CHARSET=utf8mb4 COLLATE=utf8mb4_0900_ai_ci;
/*!40101 SET character_set_client = @saved_cs_client */;

--
-- Dumping data for table `QRTZ_SIMPROP_TRIGGERS`
--

LOCK TABLES `QRTZ_SIMPROP_TRIGGERS` WRITE;
/*!40000 ALTER TABLE `QRTZ_SIMPROP_TRIGGERS` DISABLE KEYS */;
/*!40000 ALTER TABLE `QRTZ_SIMPROP_TRIGGERS` ENABLE KEYS */;
UNLOCK TABLES;

--
-- Table structure for table `QRTZ_TRIGGERS`
--

DROP TABLE IF EXISTS `QRTZ_TRIGGERS`;
/*!40101 SET @saved_cs_client     = @@character_set_client */;
/*!50503 SET character_set_client = utf8mb4 */;
CREATE TABLE `QRTZ_TRIGGERS` (
  `sched_name` varchar(120) NOT NULL,
  `trigger_name` varchar(200) NOT NULL,
  `trigger_group` varchar(200) NOT NULL,
  `job_name` varchar(200) NOT NULL,
  `job_group` varchar(200) NOT NULL,
  `description` varchar(250) DEFAULT NULL,
  `next_fire_time` bigint(13) DEFAULT NULL,
  `prev_fire_time` bigint(13) DEFAULT NULL,
  `priority` int(11) DEFAULT NULL,
  `trigger_state` varchar(16) NOT NULL,
  `trigger_type` varchar(8) NOT NULL,
  `start_time` bigint(13) NOT NULL,
  `end_time` bigint(13) DEFAULT NULL,
  `calendar_name` varchar(200) DEFAULT NULL,
  `misfire_instr` smallint(2) DEFAULT NULL,
  `job_data` blob,
  PRIMARY KEY (`sched_name`,`trigger_name`,`trigger_group`),
  KEY `sched_name` (`sched_name`,`job_name`,`job_group`),
  CONSTRAINT `QRTZ_TRIGGERS_ibfk_1` FOREIGN KEY (`sched_name`, `job_name`, `job_group`) REFERENCES `QRTZ_JOB_DETAILS` (`sched_name`, `job_name`, `job_group`)
) ENGINE=InnoDB DEFAULT CHARSET=utf8mb4 COLLATE=utf8mb4_0900_ai_ci;
/*!40101 SET character_set_client = @saved_cs_client */;

--
-- Dumping data for table `QRTZ_TRIGGERS`
--

LOCK TABLES `QRTZ_TRIGGERS` WRITE;
/*!40000 ALTER TABLE `QRTZ_TRIGGERS` DISABLE KEYS */;
INSERT INTO `QRTZ_TRIGGERS` VALUES ('RuoyiScheduler','TASK_CLASS_NAME1','DEFAULT','TASK_CLASS_NAME1','DEFAULT',NULL,1585710260000,-1,5,'PAUSED','CRON',1585710260000,0,NULL,2,''),('RuoyiScheduler','TASK_CLASS_NAME2','DEFAULT','TASK_CLASS_NAME2','DEFAULT',NULL,1585710270000,-1,5,'PAUSED','CRON',1585710260000,0,NULL,2,''),('RuoyiScheduler','TASK_CLASS_NAME3','DEFAULT','TASK_CLASS_NAME3','DEFAULT',NULL,1585710260000,-1,5,'PAUSED','CRON',1585710260000,0,NULL,2,'');
/*!40000 ALTER TABLE `QRTZ_TRIGGERS` ENABLE KEYS */;
UNLOCK TABLES;

--
-- Table structure for table `gen_table`
--

DROP TABLE IF EXISTS `gen_table`;
/*!40101 SET @saved_cs_client     = @@character_set_client */;
/*!50503 SET character_set_client = utf8mb4 */;
CREATE TABLE `gen_table` (
  `table_id` bigint(20) NOT NULL AUTO_INCREMENT COMMENT 'ç¼–å·',
  `table_name` varchar(200) DEFAULT '' COMMENT 'è¡¨åç§°',
  `table_comment` varchar(500) DEFAULT '' COMMENT 'è¡¨æè¿°',
  `class_name` varchar(100) DEFAULT '' COMMENT 'å®ä½“ç±»åç§°',
  `tpl_category` varchar(200) DEFAULT 'crud' COMMENT 'ä½¿ç”¨çš„æ¨¡æ¿ï¼ˆcrudå•è¡¨æ“ä½œ treeæ ‘è¡¨æ“ä½œï¼‰',
  `package_name` varchar(100) DEFAULT NULL COMMENT 'ç”ŸæˆåŒ…è·¯å¾„',
  `module_name` varchar(30) DEFAULT NULL COMMENT 'ç”Ÿæˆæ¨¡å—å',
  `business_name` varchar(30) DEFAULT NULL COMMENT 'ç”Ÿæˆä¸šåŠ¡å',
  `function_name` varchar(50) DEFAULT NULL COMMENT 'ç”ŸæˆåŠŸèƒ½å',
  `function_author` varchar(50) DEFAULT NULL COMMENT 'ç”ŸæˆåŠŸèƒ½ä½œè€…',
  `options` varchar(1000) DEFAULT NULL COMMENT 'å…¶å®ƒç”Ÿæˆé€‰é¡¹',
  `create_by` varchar(64) DEFAULT '' COMMENT 'åˆ›å»ºè€…',
  `create_time` datetime DEFAULT NULL COMMENT 'åˆ›å»ºæ—¶é—´',
  `update_by` varchar(64) DEFAULT '' COMMENT 'æ›´æ–°è€…',
  `update_time` datetime DEFAULT NULL COMMENT 'æ›´æ–°æ—¶é—´',
  `remark` varchar(500) DEFAULT NULL COMMENT 'å¤‡æ³¨',
  PRIMARY KEY (`table_id`)
) ENGINE=InnoDB AUTO_INCREMENT=3 DEFAULT CHARSET=utf8mb4 COLLATE=utf8mb4_0900_ai_ci COMMENT='ä»£ç ç”Ÿæˆä¸šåŠ¡è¡¨';
/*!40101 SET character_set_client = @saved_cs_client */;

--
-- Dumping data for table `gen_table`
--

LOCK TABLES `gen_table` WRITE;
/*!40000 ALTER TABLE `gen_table` DISABLE KEYS */;
INSERT INTO `gen_table` VALUES (2,'v_category','å•†å“ç±»ç›® ','VCategory','tree','com.ruoyi.project.shop','shop','category','å•†å“ç±»ç›®','wanghuan','{\"treeCode\":\"category_id\",\"treeName\":\"name\",\"treeParentCode\":\"parent_id\"}','admin','2020-03-30 06:17:32','','2020-03-30 06:24:17',NULL);
/*!40000 ALTER TABLE `gen_table` ENABLE KEYS */;
UNLOCK TABLES;

--
-- Table structure for table `gen_table_column`
--

DROP TABLE IF EXISTS `gen_table_column`;
/*!40101 SET @saved_cs_client     = @@character_set_client */;
/*!50503 SET character_set_client = utf8mb4 */;
CREATE TABLE `gen_table_column` (
  `column_id` bigint(20) NOT NULL AUTO_INCREMENT COMMENT 'ç¼–å·',
  `table_id` varchar(64) DEFAULT NULL COMMENT 'å½’å±è¡¨ç¼–å·',
  `column_name` varchar(200) DEFAULT NULL COMMENT 'åˆ—åç§°',
  `column_comment` varchar(500) DEFAULT NULL COMMENT 'åˆ—æè¿°',
  `column_type` varchar(100) DEFAULT NULL COMMENT 'åˆ—ç±»å‹',
  `java_type` varchar(500) DEFAULT NULL COMMENT 'JAVAç±»å‹',
  `java_field` varchar(200) DEFAULT NULL COMMENT 'JAVAå­—æ®µå',
  `is_pk` char(1) DEFAULT NULL COMMENT 'æ˜¯å¦ä¸»é”®ï¼ˆ1æ˜¯ï¼‰',
  `is_increment` char(1) DEFAULT NULL COMMENT 'æ˜¯å¦è‡ªå¢ï¼ˆ1æ˜¯ï¼‰',
  `is_required` char(1) DEFAULT NULL COMMENT 'æ˜¯å¦å¿…å¡«ï¼ˆ1æ˜¯ï¼‰',
  `is_insert` char(1) DEFAULT NULL COMMENT 'æ˜¯å¦ä¸ºæ’å…¥å­—æ®µï¼ˆ1æ˜¯ï¼‰',
  `is_edit` char(1) DEFAULT NULL COMMENT 'æ˜¯å¦ç¼–è¾‘å­—æ®µï¼ˆ1æ˜¯ï¼‰',
  `is_list` char(1) DEFAULT NULL COMMENT 'æ˜¯å¦åˆ—è¡¨å­—æ®µï¼ˆ1æ˜¯ï¼‰',
  `is_query` char(1) DEFAULT NULL COMMENT 'æ˜¯å¦æŸ¥è¯¢å­—æ®µï¼ˆ1æ˜¯ï¼‰',
  `query_type` varchar(200) DEFAULT 'EQ' COMMENT 'æŸ¥è¯¢æ–¹å¼ï¼ˆç­‰äºã€ä¸ç­‰äºã€å¤§äºã€å°äºã€èŒƒå›´ï¼‰',
  `html_type` varchar(200) DEFAULT NULL COMMENT 'æ˜¾ç¤ºç±»å‹ï¼ˆæ–‡æœ¬æ¡†ã€æ–‡æœ¬åŸŸã€ä¸‹æ‹‰æ¡†ã€å¤é€‰æ¡†ã€å•é€‰æ¡†ã€æ—¥æœŸæ§ä»¶ï¼‰',
  `dict_type` varchar(200) DEFAULT '' COMMENT 'å­—å…¸ç±»å‹',
  `sort` int(11) DEFAULT NULL COMMENT 'æ’åº',
  `create_by` varchar(64) DEFAULT '' COMMENT 'åˆ›å»ºè€…',
  `create_time` datetime DEFAULT NULL COMMENT 'åˆ›å»ºæ—¶é—´',
  `update_by` varchar(64) DEFAULT '' COMMENT 'æ›´æ–°è€…',
  `update_time` datetime DEFAULT NULL COMMENT 'æ›´æ–°æ—¶é—´',
  PRIMARY KEY (`column_id`)
) ENGINE=InnoDB AUTO_INCREMENT=17 DEFAULT CHARSET=utf8mb4 COLLATE=utf8mb4_0900_ai_ci COMMENT='ä»£ç ç”Ÿæˆä¸šåŠ¡è¡¨å­—æ®µ';
/*!40101 SET character_set_client = @saved_cs_client */;

--
-- Dumping data for table `gen_table_column`
--

LOCK TABLES `gen_table_column` WRITE;
/*!40000 ALTER TABLE `gen_table_column` DISABLE KEYS */;
INSERT INTO `gen_table_column` VALUES (9,'2','category_id','å•†å“ç±»ç›®ID','bigint(20)','Long','categoryId','1','1',NULL,'1',NULL,NULL,NULL,'EQ','input','',1,'admin','2020-03-30 06:17:32','','2020-03-30 06:24:17'),(10,'2','parent_id','çˆ¶ID','bigint(20)','Long','parentId','0','0','1','1','1','1','1','EQ','input','',2,'admin','2020-03-30 06:17:32','','2020-03-30 06:24:17'),(11,'2','name','ç±»ç›®åç§°','varchar(128)','String','name','0','0','1','1','1','1','1','LIKE','input','',3,'admin','2020-03-30 06:17:32','','2020-03-30 06:24:17'),(12,'2','status','çŠ¶æ€ 1å¯ç”¨,-1ç¦ç”¨','tinyint(1)','Integer','status','0','0','1','1','1','1','1','EQ','radio','status',4,'admin','2020-03-30 06:17:32','','2020-03-30 06:24:17'),(13,'2','order_num','æ’åºå·','int(11)','Long','orderNum','0','0','1','1','1','1','1','EQ','input','',5,'admin','2020-03-30 06:17:32','','2020-03-30 06:24:17'),(14,'2','icon','å›¾æ ‡åœ°å€','varchar(1024)','String','icon','0','0',NULL,'1','1','1','1','EQ','input','',6,'admin','2020-03-30 06:17:32','','2020-03-30 06:24:17'),(15,'2','list_style','åˆ—è¡¨æ ·å¼','smallint(6)','Integer','listStyle','0','0',NULL,'1','1','1','1','EQ','radio','',7,'admin','2020-03-30 06:17:32','','2020-03-30 06:24:17'),(16,'2','mark','å¤‡æ³¨ä¿¡æ¯','varchar(512)','String','mark','0','0',NULL,'1','1','1','1','EQ','textarea','',8,'admin','2020-03-30 06:17:32','','2020-03-30 06:24:17');
/*!40000 ALTER TABLE `gen_table_column` ENABLE KEYS */;
UNLOCK TABLES;

--
-- Table structure for table `sys_config`
--

DROP TABLE IF EXISTS `sys_config`;
/*!40101 SET @saved_cs_client     = @@character_set_client */;
/*!50503 SET character_set_client = utf8mb4 */;
CREATE TABLE `sys_config` (
  `config_id` int(5) NOT NULL AUTO_INCREMENT COMMENT 'å‚æ•°ä¸»é”®',
  `config_name` varchar(100) DEFAULT '' COMMENT 'å‚æ•°åç§°',
  `config_key` varchar(100) DEFAULT '' COMMENT 'å‚æ•°é”®å',
  `config_value` varchar(500) DEFAULT '' COMMENT 'å‚æ•°é”®å€¼',
  `config_type` char(1) DEFAULT 'N' COMMENT 'ç³»ç»Ÿå†…ç½®ï¼ˆYæ˜¯ Nå¦ï¼‰',
  `create_by` varchar(64) DEFAULT '' COMMENT 'åˆ›å»ºè€…',
  `create_time` datetime DEFAULT NULL COMMENT 'åˆ›å»ºæ—¶é—´',
  `update_by` varchar(64) DEFAULT '' COMMENT 'æ›´æ–°è€…',
  `update_time` datetime DEFAULT NULL COMMENT 'æ›´æ–°æ—¶é—´',
  `remark` varchar(500) DEFAULT NULL COMMENT 'å¤‡æ³¨',
  PRIMARY KEY (`config_id`)
) ENGINE=InnoDB AUTO_INCREMENT=100 DEFAULT CHARSET=utf8mb4 COLLATE=utf8mb4_0900_ai_ci COMMENT='å‚æ•°é…ç½®è¡¨';
/*!40101 SET character_set_client = @saved_cs_client */;

--
-- Dumping data for table `sys_config`
--

LOCK TABLES `sys_config` WRITE;
/*!40000 ALTER TABLE `sys_config` DISABLE KEYS */;
INSERT INTO `sys_config` VALUES (1,'ä¸»æ¡†æ¶é¡µ-é»˜è®¤çš®è‚¤æ ·å¼åç§°','sys.index.skinName','skin-yellow','Y','admin','2018-03-16 11:33:00','admin','2020-04-01 06:01:16','è“è‰² skin-blueã€ç»¿è‰² skin-greenã€ç´«è‰² skin-purpleã€çº¢è‰² skin-redã€é»„è‰² skin-yellow'),(2,'ç”¨æˆ·ç®¡ç†-è´¦å·åˆå§‹å¯†ç ','sys.user.initPassword','123456','Y','admin','2018-03-16 11:33:00','ry','2018-03-16 11:33:00','åˆå§‹åŒ–å¯†ç  123456'),(3,'ä¸»æ¡†æ¶é¡µ-ä¾§è¾¹æ ä¸»é¢˜','sys.index.sideTheme','theme-light','Y','admin','2018-03-16 11:33:00','admin','2020-04-01 06:01:58','æ·±è‰²ä¸»é¢˜theme-darkï¼Œæµ…è‰²ä¸»é¢˜theme-light');
/*!40000 ALTER TABLE `sys_config` ENABLE KEYS */;
UNLOCK TABLES;

--
-- Table structure for table `sys_dept`
--

DROP TABLE IF EXISTS `sys_dept`;
/*!40101 SET @saved_cs_client     = @@character_set_client */;
/*!50503 SET character_set_client = utf8mb4 */;
CREATE TABLE `sys_dept` (
  `dept_id` bigint(20) NOT NULL AUTO_INCREMENT COMMENT 'éƒ¨é—¨id',
  `parent_id` bigint(20) DEFAULT '0' COMMENT 'çˆ¶éƒ¨é—¨id',
  `ancestors` varchar(50) DEFAULT '' COMMENT 'ç¥–çº§åˆ—è¡¨',
  `dept_name` varchar(30) DEFAULT '' COMMENT 'éƒ¨é—¨åç§°',
  `order_num` int(4) DEFAULT '0' COMMENT 'æ˜¾ç¤ºé¡ºåº',
  `leader` varchar(20) DEFAULT NULL COMMENT 'è´Ÿè´£äºº',
  `phone` varchar(11) DEFAULT NULL COMMENT 'è”ç³»ç”µè¯',
  `email` varchar(50) DEFAULT NULL COMMENT 'é‚®ç®±',
  `status` char(1) DEFAULT '0' COMMENT 'éƒ¨é—¨çŠ¶æ€ï¼ˆ0æ­£å¸¸ 1åœç”¨ï¼‰',
  `del_flag` char(1) DEFAULT '0' COMMENT 'åˆ é™¤æ ‡å¿—ï¼ˆ0ä»£è¡¨å­˜åœ¨ 2ä»£è¡¨åˆ é™¤ï¼‰',
  `create_by` varchar(64) DEFAULT '' COMMENT 'åˆ›å»ºè€…',
  `create_time` datetime DEFAULT NULL COMMENT 'åˆ›å»ºæ—¶é—´',
  `update_by` varchar(64) DEFAULT '' COMMENT 'æ›´æ–°è€…',
  `update_time` datetime DEFAULT NULL COMMENT 'æ›´æ–°æ—¶é—´',
  PRIMARY KEY (`dept_id`)
) ENGINE=InnoDB AUTO_INCREMENT=200 DEFAULT CHARSET=utf8mb4 COLLATE=utf8mb4_0900_ai_ci COMMENT='éƒ¨é—¨è¡¨';
/*!40101 SET character_set_client = @saved_cs_client */;

--
-- Dumping data for table `sys_dept`
--

LOCK TABLES `sys_dept` WRITE;
/*!40000 ALTER TABLE `sys_dept` DISABLE KEYS */;
INSERT INTO `sys_dept` VALUES (100,0,'0','è‹¥ä¾ç§‘æŠ€',0,'è‹¥ä¾','15888888888','ry@qq.com','0','0','admin','2018-03-16 11:33:00','ry','2018-03-16 11:33:00'),(101,100,'0,100','æ·±åœ³æ€»å…¬å¸',1,'è‹¥ä¾','15888888888','ry@qq.com','0','0','admin','2018-03-16 11:33:00','ry','2018-03-16 11:33:00'),(102,100,'0,100','é•¿æ²™åˆ†å…¬å¸',2,'è‹¥ä¾','15888888888','ry@qq.com','0','0','admin','2018-03-16 11:33:00','ry','2018-03-16 11:33:00'),(103,101,'0,100,101','ç ”å‘éƒ¨é—¨',1,'è‹¥ä¾','15888888888','ry@qq.com','0','0','admin','2018-03-16 11:33:00','ry','2018-03-16 11:33:00'),(104,101,'0,100,101','å¸‚åœºéƒ¨é—¨',2,'è‹¥ä¾','15888888888','ry@qq.com','0','0','admin','2018-03-16 11:33:00','ry','2018-03-16 11:33:00'),(105,101,'0,100,101','æµ‹è¯•éƒ¨é—¨',3,'è‹¥ä¾','15888888888','ry@qq.com','0','0','admin','2018-03-16 11:33:00','ry','2018-03-16 11:33:00'),(106,101,'0,100,101','è´¢åŠ¡éƒ¨é—¨',4,'è‹¥ä¾','15888888888','ry@qq.com','0','0','admin','2018-03-16 11:33:00','ry','2018-03-16 11:33:00'),(107,101,'0,100,101','è¿ç»´éƒ¨é—¨',5,'è‹¥ä¾','15888888888','ry@qq.com','0','0','admin','2018-03-16 11:33:00','ry','2018-03-16 11:33:00'),(108,102,'0,100,102','å¸‚åœºéƒ¨é—¨',1,'è‹¥ä¾','15888888888','ry@qq.com','0','0','admin','2018-03-16 11:33:00','ry','2018-03-16 11:33:00'),(109,102,'0,100,102','è´¢åŠ¡éƒ¨é—¨',2,'è‹¥ä¾','15888888888','ry@qq.com','0','0','admin','2018-03-16 11:33:00','ry','2018-03-16 11:33:00');
/*!40000 ALTER TABLE `sys_dept` ENABLE KEYS */;
UNLOCK TABLES;

--
-- Table structure for table `sys_dict_data`
--

DROP TABLE IF EXISTS `sys_dict_data`;
/*!40101 SET @saved_cs_client     = @@character_set_client */;
/*!50503 SET character_set_client = utf8mb4 */;
CREATE TABLE `sys_dict_data` (
  `dict_code` bigint(20) NOT NULL AUTO_INCREMENT COMMENT 'å­—å…¸ç¼–ç ',
  `dict_sort` int(4) DEFAULT '0' COMMENT 'å­—å…¸æ’åº',
  `dict_label` varchar(100) DEFAULT '' COMMENT 'å­—å…¸æ ‡ç­¾',
  `dict_value` varchar(100) DEFAULT '' COMMENT 'å­—å…¸é”®å€¼',
  `dict_type` varchar(100) DEFAULT '' COMMENT 'å­—å…¸ç±»å‹',
  `css_class` varchar(100) DEFAULT NULL COMMENT 'æ ·å¼å±æ€§ï¼ˆå…¶ä»–æ ·å¼æ‰©å±•ï¼‰',
  `list_class` varchar(100) DEFAULT NULL COMMENT 'è¡¨æ ¼å›æ˜¾æ ·å¼',
  `is_default` char(1) DEFAULT 'N' COMMENT 'æ˜¯å¦é»˜è®¤ï¼ˆYæ˜¯ Nå¦ï¼‰',
  `status` char(1) DEFAULT '0' COMMENT 'çŠ¶æ€ï¼ˆ0æ­£å¸¸ 1åœç”¨ï¼‰',
  `create_by` varchar(64) DEFAULT '' COMMENT 'åˆ›å»ºè€…',
  `create_time` datetime DEFAULT NULL COMMENT 'åˆ›å»ºæ—¶é—´',
  `update_by` varchar(64) DEFAULT '' COMMENT 'æ›´æ–°è€…',
  `update_time` datetime DEFAULT NULL COMMENT 'æ›´æ–°æ—¶é—´',
  `remark` varchar(500) DEFAULT NULL COMMENT 'å¤‡æ³¨',
  PRIMARY KEY (`dict_code`)
) ENGINE=InnoDB AUTO_INCREMENT=105 DEFAULT CHARSET=utf8mb4 COLLATE=utf8mb4_0900_ai_ci COMMENT='å­—å…¸æ•°æ®è¡¨';
/*!40101 SET character_set_client = @saved_cs_client */;

--
-- Dumping data for table `sys_dict_data`
--

LOCK TABLES `sys_dict_data` WRITE;
/*!40000 ALTER TABLE `sys_dict_data` DISABLE KEYS */;
INSERT INTO `sys_dict_data` VALUES (1,1,'ç”·','0','sys_user_sex','','','Y','0','admin','2018-03-16 11:33:00','ry','2018-03-16 11:33:00','æ€§åˆ«ç”·'),(2,2,'å¥³','1','sys_user_sex','','','N','0','admin','2018-03-16 11:33:00','ry','2018-03-16 11:33:00','æ€§åˆ«å¥³'),(3,3,'æœªçŸ¥','2','sys_user_sex','','','N','0','admin','2018-03-16 11:33:00','ry','2018-03-16 11:33:00','æ€§åˆ«æœªçŸ¥'),(4,1,'æ˜¾ç¤º','0','sys_show_hide','','primary','Y','0','admin','2018-03-16 11:33:00','ry','2018-03-16 11:33:00','æ˜¾ç¤ºèœå•'),(5,2,'éšè—','1','sys_show_hide','','danger','N','0','admin','2018-03-16 11:33:00','ry','2018-03-16 11:33:00','éšè—èœå•'),(6,1,'æ­£å¸¸','0','sys_normal_disable','','primary','Y','0','admin','2018-03-16 11:33:00','ry','2018-03-16 11:33:00','æ­£å¸¸çŠ¶æ€'),(7,2,'åœç”¨','1','sys_normal_disable','','danger','N','0','admin','2018-03-16 11:33:00','ry','2018-03-16 11:33:00','åœç”¨çŠ¶æ€'),(8,1,'æ­£å¸¸','0','sys_job_status','','primary','Y','0','admin','2018-03-16 11:33:00','ry','2018-03-16 11:33:00','æ­£å¸¸çŠ¶æ€'),(9,2,'æš‚åœ','1','sys_job_status','','danger','N','0','admin','2018-03-16 11:33:00','ry','2018-03-16 11:33:00','åœç”¨çŠ¶æ€'),(10,1,'é»˜è®¤','DEFAULT','sys_job_group','','','Y','0','admin','2018-03-16 11:33:00','ry','2018-03-16 11:33:00','é»˜è®¤åˆ†ç»„'),(11,2,'ç³»ç»Ÿ','SYSTEM','sys_job_group','','','N','0','admin','2018-03-16 11:33:00','ry','2018-03-16 11:33:00','ç³»ç»Ÿåˆ†ç»„'),(12,1,'æ˜¯','Y','sys_yes_no','','primary','Y','0','admin','2018-03-16 11:33:00','ry','2018-03-16 11:33:00','ç³»ç»Ÿé»˜è®¤æ˜¯'),(13,2,'å¦','N','sys_yes_no','','danger','N','0','admin','2018-03-16 11:33:00','ry','2018-03-16 11:33:00','ç³»ç»Ÿé»˜è®¤å¦'),(14,1,'é€šçŸ¥','1','sys_notice_type','','warning','Y','0','admin','2018-03-16 11:33:00','ry','2018-03-16 11:33:00','é€šçŸ¥'),(15,2,'å…¬å‘Š','2','sys_notice_type','','success','N','0','admin','2018-03-16 11:33:00','ry','2018-03-16 11:33:00','å…¬å‘Š'),(16,1,'æ­£å¸¸','0','sys_notice_status','','primary','Y','0','admin','2018-03-16 11:33:00','ry','2018-03-16 11:33:00','æ­£å¸¸çŠ¶æ€'),(17,2,'å…³é—­','1','sys_notice_status','','danger','N','0','admin','2018-03-16 11:33:00','ry','2018-03-16 11:33:00','å…³é—­çŠ¶æ€'),(18,1,'æ–°å¢','1','sys_oper_type','','info','N','0','admin','2018-03-16 11:33:00','ry','2018-03-16 11:33:00','æ–°å¢æ“ä½œ'),(19,2,'ä¿®æ”¹','2','sys_oper_type','','info','N','0','admin','2018-03-16 11:33:00','ry','2018-03-16 11:33:00','ä¿®æ”¹æ“ä½œ'),(20,3,'åˆ é™¤','3','sys_oper_type','','danger','N','0','admin','2018-03-16 11:33:00','ry','2018-03-16 11:33:00','åˆ é™¤æ“ä½œ'),(21,4,'æˆæƒ','4','sys_oper_type','','primary','N','0','admin','2018-03-16 11:33:00','ry','2018-03-16 11:33:00','æˆæƒæ“ä½œ'),(22,5,'å¯¼å‡º','5','sys_oper_type','','warning','N','0','admin','2018-03-16 11:33:00','ry','2018-03-16 11:33:00','å¯¼å‡ºæ“ä½œ'),(23,6,'å¯¼å…¥','6','sys_oper_type','','warning','N','0','admin','2018-03-16 11:33:00','ry','2018-03-16 11:33:00','å¯¼å…¥æ“ä½œ'),(24,7,'å¼ºé€€','7','sys_oper_type','','danger','N','0','admin','2018-03-16 11:33:00','ry','2018-03-16 11:33:00','å¼ºé€€æ“ä½œ'),(25,8,'ç”Ÿæˆä»£ç ','8','sys_oper_type','','warning','N','0','admin','2018-03-16 11:33:00','ry','2018-03-16 11:33:00','ç”Ÿæˆæ“ä½œ'),(26,9,'æ¸…ç©ºæ•°æ®','9','sys_oper_type','','danger','N','0','admin','2018-03-16 11:33:00','ry','2018-03-16 11:33:00','æ¸…ç©ºæ“ä½œ'),(27,1,'æˆåŠŸ','0','sys_common_status','','primary','N','0','admin','2018-03-16 11:33:00','ry','2018-03-16 11:33:00','æ­£å¸¸çŠ¶æ€'),(28,2,'å¤±è´¥','1','sys_common_status','','danger','N','0','admin','2018-03-16 11:33:00','ry','2018-03-16 11:33:00','åœç”¨çŠ¶æ€'),(100,0,'å¯ç”¨','1','status',NULL,NULL,'N','0','admin','2020-03-30 06:21:33','',NULL,NULL),(101,0,'ç¦ç”¨','-1','status',NULL,NULL,'N','0','admin','2020-03-30 06:21:42','',NULL,NULL),(102,3,'å¤§å›¾','2','shop_list_style',NULL,NULL,'N','0','admin','2020-04-01 05:32:03','admin','2020-04-01 05:44:28',NULL),(103,2,'å°å›¾','1','shop_list_style',NULL,NULL,'N','0','admin','2020-04-01 05:34:09','admin','2020-04-01 05:44:13',NULL),(104,1,'è¯¦ç»†åˆ—è¡¨','0','shop_list_style',NULL,NULL,'N','0','admin','2020-04-01 05:34:18','admin','2020-04-01 05:44:10',NULL);
/*!40000 ALTER TABLE `sys_dict_data` ENABLE KEYS */;
UNLOCK TABLES;

--
-- Table structure for table `sys_dict_type`
--

DROP TABLE IF EXISTS `sys_dict_type`;
/*!40101 SET @saved_cs_client     = @@character_set_client */;
/*!50503 SET character_set_client = utf8mb4 */;
CREATE TABLE `sys_dict_type` (
  `dict_id` bigint(20) NOT NULL AUTO_INCREMENT COMMENT 'å­—å…¸ä¸»é”®',
  `dict_name` varchar(100) DEFAULT '' COMMENT 'å­—å…¸åç§°',
  `dict_type` varchar(100) DEFAULT '' COMMENT 'å­—å…¸ç±»å‹',
  `status` char(1) DEFAULT '0' COMMENT 'çŠ¶æ€ï¼ˆ0æ­£å¸¸ 1åœç”¨ï¼‰',
  `create_by` varchar(64) DEFAULT '' COMMENT 'åˆ›å»ºè€…',
  `create_time` datetime DEFAULT NULL COMMENT 'åˆ›å»ºæ—¶é—´',
  `update_by` varchar(64) DEFAULT '' COMMENT 'æ›´æ–°è€…',
  `update_time` datetime DEFAULT NULL COMMENT 'æ›´æ–°æ—¶é—´',
  `remark` varchar(500) DEFAULT NULL COMMENT 'å¤‡æ³¨',
  PRIMARY KEY (`dict_id`),
  UNIQUE KEY `dict_type` (`dict_type`)
) ENGINE=InnoDB AUTO_INCREMENT=102 DEFAULT CHARSET=utf8mb4 COLLATE=utf8mb4_0900_ai_ci COMMENT='å­—å…¸ç±»å‹è¡¨';
/*!40101 SET character_set_client = @saved_cs_client */;

--
-- Dumping data for table `sys_dict_type`
--

LOCK TABLES `sys_dict_type` WRITE;
/*!40000 ALTER TABLE `sys_dict_type` DISABLE KEYS */;
INSERT INTO `sys_dict_type` VALUES (1,'ç”¨æˆ·æ€§åˆ«','sys_user_sex','0','admin','2018-03-16 11:33:00','ry','2018-03-16 11:33:00','ç”¨æˆ·æ€§åˆ«åˆ—è¡¨'),(2,'èœå•çŠ¶æ€','sys_show_hide','0','admin','2018-03-16 11:33:00','ry','2018-03-16 11:33:00','èœå•çŠ¶æ€åˆ—è¡¨'),(3,'ç³»ç»Ÿå¼€å…³','sys_normal_disable','0','admin','2018-03-16 11:33:00','ry','2018-03-16 11:33:00','ç³»ç»Ÿå¼€å…³åˆ—è¡¨'),(4,'ä»»åŠ¡çŠ¶æ€','sys_job_status','0','admin','2018-03-16 11:33:00','ry','2018-03-16 11:33:00','ä»»åŠ¡çŠ¶æ€åˆ—è¡¨'),(5,'ä»»åŠ¡åˆ†ç»„','sys_job_group','0','admin','2018-03-16 11:33:00','ry','2018-03-16 11:33:00','ä»»åŠ¡åˆ†ç»„åˆ—è¡¨'),(6,'ç³»ç»Ÿæ˜¯å¦','sys_yes_no','0','admin','2018-03-16 11:33:00','ry','2018-03-16 11:33:00','ç³»ç»Ÿæ˜¯å¦åˆ—è¡¨'),(7,'é€šçŸ¥ç±»å‹','sys_notice_type','0','admin','2018-03-16 11:33:00','ry','2018-03-16 11:33:00','é€šçŸ¥ç±»å‹åˆ—è¡¨'),(8,'é€šçŸ¥çŠ¶æ€','sys_notice_status','0','admin','2018-03-16 11:33:00','ry','2018-03-16 11:33:00','é€šçŸ¥çŠ¶æ€åˆ—è¡¨'),(9,'æ“ä½œç±»å‹','sys_oper_type','0','admin','2018-03-16 11:33:00','ry','2018-03-16 11:33:00','æ“ä½œç±»å‹åˆ—è¡¨'),(10,'ç³»ç»ŸçŠ¶æ€','sys_common_status','0','admin','2018-03-16 11:33:00','ry','2018-03-16 11:33:00','ç™»å½•çŠ¶æ€åˆ—è¡¨'),(100,'å•†å“ç±»ç›®çŠ¶æ€','status','0','admin','2020-03-30 06:21:04','admin','2020-03-30 06:21:16',NULL),(101,'å•†å“ç±»ç›®åˆ—è¡¨æ ·å¼','shop_list_style','0','admin','2020-04-01 05:31:40','',NULL,NULL);
/*!40000 ALTER TABLE `sys_dict_type` ENABLE KEYS */;
UNLOCK TABLES;

--
-- Table structure for table `sys_job`
--

DROP TABLE IF EXISTS `sys_job`;
/*!40101 SET @saved_cs_client     = @@character_set_client */;
/*!50503 SET character_set_client = utf8mb4 */;
CREATE TABLE `sys_job` (
  `job_id` bigint(20) NOT NULL AUTO_INCREMENT COMMENT 'ä»»åŠ¡ID',
  `job_name` varchar(64) NOT NULL DEFAULT '' COMMENT 'ä»»åŠ¡åç§°',
  `job_group` varchar(64) NOT NULL DEFAULT 'DEFAULT' COMMENT 'ä»»åŠ¡ç»„å',
  `invoke_target` varchar(500) NOT NULL COMMENT 'è°ƒç”¨ç›®æ ‡å­—ç¬¦ä¸²',
  `cron_expression` varchar(255) DEFAULT '' COMMENT 'cronæ‰§è¡Œè¡¨è¾¾å¼',
  `misfire_policy` varchar(20) DEFAULT '3' COMMENT 'è®¡åˆ’æ‰§è¡Œé”™è¯¯ç­–ç•¥ï¼ˆ1ç«‹å³æ‰§è¡Œ 2æ‰§è¡Œä¸€æ¬¡ 3æ”¾å¼ƒæ‰§è¡Œï¼‰',
  `concurrent` char(1) DEFAULT '1' COMMENT 'æ˜¯å¦å¹¶å‘æ‰§è¡Œï¼ˆ0å…è®¸ 1ç¦æ­¢ï¼‰',
  `status` char(1) DEFAULT '0' COMMENT 'çŠ¶æ€ï¼ˆ0æ­£å¸¸ 1æš‚åœï¼‰',
  `create_by` varchar(64) DEFAULT '' COMMENT 'åˆ›å»ºè€…',
  `create_time` datetime DEFAULT NULL COMMENT 'åˆ›å»ºæ—¶é—´',
  `update_by` varchar(64) DEFAULT '' COMMENT 'æ›´æ–°è€…',
  `update_time` datetime DEFAULT NULL COMMENT 'æ›´æ–°æ—¶é—´',
  `remark` varchar(500) DEFAULT '' COMMENT 'å¤‡æ³¨ä¿¡æ¯',
  PRIMARY KEY (`job_id`,`job_name`,`job_group`)
) ENGINE=InnoDB AUTO_INCREMENT=100 DEFAULT CHARSET=utf8mb4 COLLATE=utf8mb4_0900_ai_ci COMMENT='å®šæ—¶ä»»åŠ¡è°ƒåº¦è¡¨';
/*!40101 SET character_set_client = @saved_cs_client */;

--
-- Dumping data for table `sys_job`
--

LOCK TABLES `sys_job` WRITE;
/*!40000 ALTER TABLE `sys_job` DISABLE KEYS */;
INSERT INTO `sys_job` VALUES (1,'ç³»ç»Ÿé»˜è®¤ï¼ˆæ— å‚ï¼‰','DEFAULT','ryTask.ryNoParams','0/10 * * * * ?','3','1','1','admin','2018-03-16 11:33:00','ry','2018-03-16 11:33:00',''),(2,'ç³»ç»Ÿé»˜è®¤ï¼ˆæœ‰å‚ï¼‰','DEFAULT','ryTask.ryParams(\'ry\')','0/15 * * * * ?','3','1','1','admin','2018-03-16 11:33:00','ry','2018-03-16 11:33:00',''),(3,'ç³»ç»Ÿé»˜è®¤ï¼ˆå¤šå‚ï¼‰','DEFAULT','ryTask.ryMultipleParams(\'ry\', true, 2000L, 316.50D, 100)','0/20 * * * * ?','3','1','1','admin','2018-03-16 11:33:00','ry','2018-03-16 11:33:00','');
/*!40000 ALTER TABLE `sys_job` ENABLE KEYS */;
UNLOCK TABLES;

--
-- Table structure for table `sys_job_log`
--

DROP TABLE IF EXISTS `sys_job_log`;
/*!40101 SET @saved_cs_client     = @@character_set_client */;
/*!50503 SET character_set_client = utf8mb4 */;
CREATE TABLE `sys_job_log` (
  `job_log_id` bigint(20) NOT NULL AUTO_INCREMENT COMMENT 'ä»»åŠ¡æ—¥å¿—ID',
  `job_name` varchar(64) NOT NULL COMMENT 'ä»»åŠ¡åç§°',
  `job_group` varchar(64) NOT NULL COMMENT 'ä»»åŠ¡ç»„å',
  `invoke_target` varchar(500) NOT NULL COMMENT 'è°ƒç”¨ç›®æ ‡å­—ç¬¦ä¸²',
  `job_message` varchar(500) DEFAULT NULL COMMENT 'æ—¥å¿—ä¿¡æ¯',
  `status` char(1) DEFAULT '0' COMMENT 'æ‰§è¡ŒçŠ¶æ€ï¼ˆ0æ­£å¸¸ 1å¤±è´¥ï¼‰',
  `exception_info` varchar(2000) DEFAULT '' COMMENT 'å¼‚å¸¸ä¿¡æ¯',
  `create_time` datetime DEFAULT NULL COMMENT 'åˆ›å»ºæ—¶é—´',
  PRIMARY KEY (`job_log_id`)
) ENGINE=InnoDB DEFAULT CHARSET=utf8mb4 COLLATE=utf8mb4_0900_ai_ci COMMENT='å®šæ—¶ä»»åŠ¡è°ƒåº¦æ—¥å¿—è¡¨';
/*!40101 SET character_set_client = @saved_cs_client */;

--
-- Dumping data for table `sys_job_log`
--

LOCK TABLES `sys_job_log` WRITE;
/*!40000 ALTER TABLE `sys_job_log` DISABLE KEYS */;
/*!40000 ALTER TABLE `sys_job_log` ENABLE KEYS */;
UNLOCK TABLES;

--
-- Table structure for table `sys_logininfor`
--

DROP TABLE IF EXISTS `sys_logininfor`;
/*!40101 SET @saved_cs_client     = @@character_set_client */;
/*!50503 SET character_set_client = utf8mb4 */;
CREATE TABLE `sys_logininfor` (
  `info_id` bigint(20) NOT NULL AUTO_INCREMENT COMMENT 'è®¿é—®ID',
  `user_name` varchar(50) DEFAULT '' COMMENT 'ç”¨æˆ·è´¦å·',
  `ipaddr` varchar(50) DEFAULT '' COMMENT 'ç™»å½•IPåœ°å€',
  `login_location` varchar(255) DEFAULT '' COMMENT 'ç™»å½•åœ°ç‚¹',
  `browser` varchar(50) DEFAULT '' COMMENT 'æµè§ˆå™¨ç±»å‹',
  `os` varchar(50) DEFAULT '' COMMENT 'æ“ä½œç³»ç»Ÿ',
  `status` char(1) DEFAULT '0' COMMENT 'ç™»å½•çŠ¶æ€ï¼ˆ0æˆåŠŸ 1å¤±è´¥ï¼‰',
  `msg` varchar(255) DEFAULT '' COMMENT 'æç¤ºæ¶ˆæ¯',
  `login_time` datetime DEFAULT NULL COMMENT 'è®¿é—®æ—¶é—´',
  PRIMARY KEY (`info_id`)
) ENGINE=InnoDB AUTO_INCREMENT=108 DEFAULT CHARSET=utf8mb4 COLLATE=utf8mb4_0900_ai_ci COMMENT='ç³»ç»Ÿè®¿é—®è®°å½•';
/*!40101 SET character_set_client = @saved_cs_client */;

--
-- Dumping data for table `sys_logininfor`
--

LOCK TABLES `sys_logininfor` WRITE;
/*!40000 ALTER TABLE `sys_logininfor` DISABLE KEYS */;
INSERT INTO `sys_logininfor` VALUES (100,'admin','127.0.0.1','å†…ç½‘IP','Chrome 8','Mac OS X','0','ç™»å½•æˆåŠŸ','2020-03-27 08:01:20'),(101,'admin','127.0.0.1','å†…ç½‘IP','Chrome 8','Mac OS X','0','ç™»å½•æˆåŠŸ','2020-03-30 06:15:28'),(102,'admin','127.0.0.1','å†…ç½‘IP','Chrome 8','Mac OS X','0','ç™»å½•æˆåŠŸ','2020-03-30 07:50:24'),(103,'admin','127.0.0.1','å†…ç½‘IP','Chrome 8','Mac OS X','0','ç™»å½•æˆåŠŸ','2020-03-31 07:15:09'),(104,'admin','127.0.0.1','å†…ç½‘IP','Chrome 8','Mac OS X','0','ç™»å½•æˆåŠŸ','2020-04-01 01:40:50'),(105,'admin','127.0.0.1','å†…ç½‘IP','Chrome 8','Mac OS X','0','ç™»å½•æˆåŠŸ','2020-04-01 05:30:33'),(106,'admin','127.0.0.1','å†…ç½‘IP','Chrome 8','Mac OS X','0','é€€å‡ºæˆåŠŸ','2020-04-01 06:02:56'),(107,'admin','127.0.0.1','å†…ç½‘IP','Chrome 8','Mac OS X','0','ç™»å½•æˆåŠŸ','2020-04-01 06:03:05');
/*!40000 ALTER TABLE `sys_logininfor` ENABLE KEYS */;
UNLOCK TABLES;

--
-- Table structure for table `sys_menu`
--

DROP TABLE IF EXISTS `sys_menu`;
/*!40101 SET @saved_cs_client     = @@character_set_client */;
/*!50503 SET character_set_client = utf8mb4 */;
CREATE TABLE `sys_menu` (
  `menu_id` bigint(20) NOT NULL AUTO_INCREMENT COMMENT 'èœå•ID',
  `menu_name` varchar(50) NOT NULL COMMENT 'èœå•åç§°',
  `parent_id` bigint(20) DEFAULT '0' COMMENT 'çˆ¶èœå•ID',
  `order_num` int(4) DEFAULT '0' COMMENT 'æ˜¾ç¤ºé¡ºåº',
  `path` varchar(200) DEFAULT '' COMMENT 'è·¯ç”±åœ°å€',
  `component` varchar(255) DEFAULT NULL COMMENT 'ç»„ä»¶è·¯å¾„',
  `is_frame` int(1) DEFAULT '1' COMMENT 'æ˜¯å¦ä¸ºå¤–é“¾ï¼ˆ0æ˜¯ 1å¦ï¼‰',
  `menu_type` char(1) DEFAULT '' COMMENT 'èœå•ç±»å‹ï¼ˆMç›®å½• Cèœå• FæŒ‰é’®ï¼‰',
  `visible` char(1) DEFAULT '0' COMMENT 'èœå•çŠ¶æ€ï¼ˆ0æ˜¾ç¤º 1éšè—ï¼‰',
  `perms` varchar(100) DEFAULT NULL COMMENT 'æƒé™æ ‡è¯†',
  `icon` varchar(100) DEFAULT '#' COMMENT 'èœå•å›¾æ ‡',
  `create_by` varchar(64) DEFAULT '' COMMENT 'åˆ›å»ºè€…',
  `create_time` datetime DEFAULT NULL COMMENT 'åˆ›å»ºæ—¶é—´',
  `update_by` varchar(64) DEFAULT '' COMMENT 'æ›´æ–°è€…',
  `update_time` datetime DEFAULT NULL COMMENT 'æ›´æ–°æ—¶é—´',
  `remark` varchar(500) DEFAULT '' COMMENT 'å¤‡æ³¨',
  PRIMARY KEY (`menu_id`)
) ENGINE=InnoDB AUTO_INCREMENT=2007 DEFAULT CHARSET=utf8mb4 COLLATE=utf8mb4_0900_ai_ci COMMENT='èœå•æƒé™è¡¨';
/*!40101 SET character_set_client = @saved_cs_client */;

--
-- Dumping data for table `sys_menu`
--

LOCK TABLES `sys_menu` WRITE;
/*!40000 ALTER TABLE `sys_menu` DISABLE KEYS */;
INSERT INTO `sys_menu` VALUES (1,'ç³»ç»Ÿç®¡ç†',0,1,'system',NULL,1,'M','0','','system','admin','2018-03-16 11:33:00','ry','2018-03-16 11:33:00','ç³»ç»Ÿç®¡ç†ç›®å½•'),(2,'ç³»ç»Ÿç›‘æ§',0,2,'monitor',NULL,1,'M','0','','monitor','admin','2018-03-16 11:33:00','ry','2018-03-16 11:33:00','ç³»ç»Ÿç›‘æ§ç›®å½•'),(3,'ç³»ç»Ÿå·¥å…·',0,3,'tool',NULL,1,'M','0','','tool','admin','2018-03-16 11:33:00','ry','2018-03-16 11:33:00','ç³»ç»Ÿå·¥å…·ç›®å½•'),(4,'å®˜ç½‘',0,4,'http://ruoyi.vip',NULL,0,'M','1','','guide','admin','2018-03-16 11:33:00','admin','2020-04-01 05:57:49','è‹¥ä¾å®˜ç½‘åœ°å€'),(100,'ç”¨æˆ·ç®¡ç†',1,1,'user','system/user/index',1,'C','0','system:user:list','user','admin','2018-03-16 11:33:00','ry','2018-03-16 11:33:00','ç”¨æˆ·ç®¡ç†èœå•'),(101,'è§’è‰²ç®¡ç†',1,2,'role','system/role/index',1,'C','0','system:role:list','peoples','admin','2018-03-16 11:33:00','ry','2018-03-16 11:33:00','è§’è‰²ç®¡ç†èœå•'),(102,'èœå•ç®¡ç†',1,3,'menu','system/menu/index',1,'C','0','system:menu:list','tree-table','admin','2018-03-16 11:33:00','ry','2018-03-16 11:33:00','èœå•ç®¡ç†èœå•'),(103,'éƒ¨é—¨ç®¡ç†',1,4,'dept','system/dept/index',1,'C','0','system:dept:list','tree','admin','2018-03-16 11:33:00','ry','2018-03-16 11:33:00','éƒ¨é—¨ç®¡ç†èœå•'),(104,'å²—ä½ç®¡ç†',1,5,'post','system/post/index',1,'C','0','system:post:list','post','admin','2018-03-16 11:33:00','ry','2018-03-16 11:33:00','å²—ä½ç®¡ç†èœå•'),(105,'å­—å…¸ç®¡ç†',1,6,'dict','system/dict/index',1,'C','0','system:dict:list','dict','admin','2018-03-16 11:33:00','ry','2018-03-16 11:33:00','å­—å…¸ç®¡ç†èœå•'),(106,'å‚æ•°è®¾ç½®',1,7,'config','system/config/index',1,'C','0','system:config:list','edit','admin','2018-03-16 11:33:00','ry','2018-03-16 11:33:00','å‚æ•°è®¾ç½®èœå•'),(107,'é€šçŸ¥å…¬å‘Š',1,8,'notice','system/notice/index',1,'C','0','system:notice:list','message','admin','2018-03-16 11:33:00','ry','2018-03-16 11:33:00','é€šçŸ¥å…¬å‘Šèœå•'),(108,'æ—¥å¿—ç®¡ç†',1,9,'log','system/log/index',1,'M','0','','log','admin','2018-03-16 11:33:00','ry','2018-03-16 11:33:00','æ—¥å¿—ç®¡ç†èœå•'),(109,'åœ¨çº¿ç”¨æˆ·',2,1,'online','monitor/online/index',1,'C','0','monitor:online:list','online','admin','2018-03-16 11:33:00','ry','2018-03-16 11:33:00','åœ¨çº¿ç”¨æˆ·èœå•'),(110,'å®šæ—¶ä»»åŠ¡',2,2,'job','monitor/job/index',1,'C','0','monitor:job:list','job','admin','2018-03-16 11:33:00','ry','2018-03-16 11:33:00','å®šæ—¶ä»»åŠ¡èœå•'),(111,'æ•°æ®ç›‘æ§',2,3,'druid','monitor/druid/index',1,'C','0','monitor:druid:list','druid','admin','2018-03-16 11:33:00','ry','2018-03-16 11:33:00','æ•°æ®ç›‘æ§èœå•'),(112,'æœåŠ¡ç›‘æ§',2,4,'server','monitor/server/index',1,'C','0','monitor:server:list','server','admin','2018-03-16 11:33:00','ry','2018-03-16 11:33:00','æœåŠ¡ç›‘æ§èœå•'),(113,'è¡¨å•æ„å»º',3,1,'build','tool/build/index',1,'C','0','tool:build:list','build','admin','2018-03-16 11:33:00','ry','2018-03-16 11:33:00','è¡¨å•æ„å»ºèœå•'),(114,'ä»£ç ç”Ÿæˆ',3,2,'gen','tool/gen/index',1,'C','0','tool:gen:list','code','admin','2018-03-16 11:33:00','ry','2018-03-16 11:33:00','ä»£ç ç”Ÿæˆèœå•'),(115,'ç³»ç»Ÿæ¥å£',3,3,'swagger','tool/swagger/index',1,'C','0','tool:swagger:list','swagger','admin','2018-03-16 11:33:00','ry','2018-03-16 11:33:00','ç³»ç»Ÿæ¥å£èœå•'),(500,'æ“ä½œæ—¥å¿—',108,1,'operlog','monitor/operlog/index',1,'C','0','monitor:operlog:list','form','admin','2018-03-16 11:33:00','ry','2018-03-16 11:33:00','æ“ä½œæ—¥å¿—èœå•'),(501,'ç™»å½•æ—¥å¿—',108,2,'logininfor','monitor/logininfor/index',1,'C','0','monitor:logininfor:list','logininfor','admin','2018-03-16 11:33:00','ry','2018-03-16 11:33:00','ç™»å½•æ—¥å¿—èœå•'),(1001,'ç”¨æˆ·æŸ¥è¯¢',100,1,'','',1,'F','0','system:user:query','#','admin','2018-03-16 11:33:00','ry','2018-03-16 11:33:00',''),(1002,'ç”¨æˆ·æ–°å¢',100,2,'','',1,'F','0','system:user:add','#','admin','2018-03-16 11:33:00','ry','2018-03-16 11:33:00',''),(1003,'ç”¨æˆ·ä¿®æ”¹',100,3,'','',1,'F','0','system:user:edit','#','admin','2018-03-16 11:33:00','ry','2018-03-16 11:33:00',''),(1004,'ç”¨æˆ·åˆ é™¤',100,4,'','',1,'F','0','system:user:remove','#','admin','2018-03-16 11:33:00','ry','2018-03-16 11:33:00',''),(1005,'ç”¨æˆ·å¯¼å‡º',100,5,'','',1,'F','0','system:user:export','#','admin','2018-03-16 11:33:00','ry','2018-03-16 11:33:00',''),(1006,'ç”¨æˆ·å¯¼å…¥',100,6,'','',1,'F','0','system:user:import','#','admin','2018-03-16 11:33:00','ry','2018-03-16 11:33:00',''),(1007,'é‡ç½®å¯†ç ',100,7,'','',1,'F','0','system:user:resetPwd','#','admin','2018-03-16 11:33:00','ry','2018-03-16 11:33:00',''),(1008,'è§’è‰²æŸ¥è¯¢',101,1,'','',1,'F','0','system:role:query','#','admin','2018-03-16 11:33:00','ry','2018-03-16 11:33:00',''),(1009,'è§’è‰²æ–°å¢',101,2,'','',1,'F','0','system:role:add','#','admin','2018-03-16 11:33:00','ry','2018-03-16 11:33:00',''),(1010,'è§’è‰²ä¿®æ”¹',101,3,'','',1,'F','0','system:role:edit','#','admin','2018-03-16 11:33:00','ry','2018-03-16 11:33:00',''),(1011,'è§’è‰²åˆ é™¤',101,4,'','',1,'F','0','system:role:remove','#','admin','2018-03-16 11:33:00','ry','2018-03-16 11:33:00',''),(1012,'è§’è‰²å¯¼å‡º',101,5,'','',1,'F','0','system:role:export','#','admin','2018-03-16 11:33:00','ry','2018-03-16 11:33:00',''),(1013,'èœå•æŸ¥è¯¢',102,1,'','',1,'F','0','system:menu:query','#','admin','2018-03-16 11:33:00','ry','2018-03-16 11:33:00',''),(1014,'èœå•æ–°å¢',102,2,'','',1,'F','0','system:menu:add','#','admin','2018-03-16 11:33:00','ry','2018-03-16 11:33:00',''),(1015,'èœå•ä¿®æ”¹',102,3,'','',1,'F','0','system:menu:edit','#','admin','2018-03-16 11:33:00','ry','2018-03-16 11:33:00',''),(1016,'èœå•åˆ é™¤',102,4,'','',1,'F','0','system:menu:remove','#','admin','2018-03-16 11:33:00','ry','2018-03-16 11:33:00',''),(1017,'éƒ¨é—¨æŸ¥è¯¢',103,1,'','',1,'F','0','system:dept:query','#','admin','2018-03-16 11:33:00','ry','2018-03-16 11:33:00',''),(1018,'éƒ¨é—¨æ–°å¢',103,2,'','',1,'F','0','system:dept:add','#','admin','2018-03-16 11:33:00','ry','2018-03-16 11:33:00',''),(1019,'éƒ¨é—¨ä¿®æ”¹',103,3,'','',1,'F','0','system:dept:edit','#','admin','2018-03-16 11:33:00','ry','2018-03-16 11:33:00',''),(1020,'éƒ¨é—¨åˆ é™¤',103,4,'','',1,'F','0','system:dept:remove','#','admin','2018-03-16 11:33:00','ry','2018-03-16 11:33:00',''),(1021,'å²—ä½æŸ¥è¯¢',104,1,'','',1,'F','0','system:post:query','#','admin','2018-03-16 11:33:00','ry','2018-03-16 11:33:00',''),(1022,'å²—ä½æ–°å¢',104,2,'','',1,'F','0','system:post:add','#','admin','2018-03-16 11:33:00','ry','2018-03-16 11:33:00',''),(1023,'å²—ä½ä¿®æ”¹',104,3,'','',1,'F','0','system:post:edit','#','admin','2018-03-16 11:33:00','ry','2018-03-16 11:33:00',''),(1024,'å²—ä½åˆ é™¤',104,4,'','',1,'F','0','system:post:remove','#','admin','2018-03-16 11:33:00','ry','2018-03-16 11:33:00',''),(1025,'å²—ä½å¯¼å‡º',104,5,'','',1,'F','0','system:post:export','#','admin','2018-03-16 11:33:00','ry','2018-03-16 11:33:00',''),(1026,'å­—å…¸æŸ¥è¯¢',105,1,'#','',1,'F','0','system:dict:query','#','admin','2018-03-16 11:33:00','ry','2018-03-16 11:33:00',''),(1027,'å­—å…¸æ–°å¢',105,2,'#','',1,'F','0','system:dict:add','#','admin','2018-03-16 11:33:00','ry','2018-03-16 11:33:00',''),(1028,'å­—å…¸ä¿®æ”¹',105,3,'#','',1,'F','0','system:dict:edit','#','admin','2018-03-16 11:33:00','ry','2018-03-16 11:33:00',''),(1029,'å­—å…¸åˆ é™¤',105,4,'#','',1,'F','0','system:dict:remove','#','admin','2018-03-16 11:33:00','ry','2018-03-16 11:33:00',''),(1030,'å­—å…¸å¯¼å‡º',105,5,'#','',1,'F','0','system:dict:export','#','admin','2018-03-16 11:33:00','ry','2018-03-16 11:33:00',''),(1031,'å‚æ•°æŸ¥è¯¢',106,1,'#','',1,'F','0','system:config:query','#','admin','2018-03-16 11:33:00','ry','2018-03-16 11:33:00',''),(1032,'å‚æ•°æ–°å¢',106,2,'#','',1,'F','0','system:config:add','#','admin','2018-03-16 11:33:00','ry','2018-03-16 11:33:00',''),(1033,'å‚æ•°ä¿®æ”¹',106,3,'#','',1,'F','0','system:config:edit','#','admin','2018-03-16 11:33:00','ry','2018-03-16 11:33:00',''),(1034,'å‚æ•°åˆ é™¤',106,4,'#','',1,'F','0','system:config:remove','#','admin','2018-03-16 11:33:00','ry','2018-03-16 11:33:00',''),(1035,'å‚æ•°å¯¼å‡º',106,5,'#','',1,'F','0','system:config:export','#','admin','2018-03-16 11:33:00','ry','2018-03-16 11:33:00',''),(1036,'å…¬å‘ŠæŸ¥è¯¢',107,1,'#','',1,'F','0','system:notice:query','#','admin','2018-03-16 11:33:00','ry','2018-03-16 11:33:00',''),(1037,'å…¬å‘Šæ–°å¢',107,2,'#','',1,'F','0','system:notice:add','#','admin','2018-03-16 11:33:00','ry','2018-03-16 11:33:00',''),(1038,'å…¬å‘Šä¿®æ”¹',107,3,'#','',1,'F','0','system:notice:edit','#','admin','2018-03-16 11:33:00','ry','2018-03-16 11:33:00',''),(1039,'å…¬å‘Šåˆ é™¤',107,4,'#','',1,'F','0','system:notice:remove','#','admin','2018-03-16 11:33:00','ry','2018-03-16 11:33:00',''),(1040,'æ“ä½œæŸ¥è¯¢',500,1,'#','',1,'F','0','monitor:operlog:query','#','admin','2018-03-16 11:33:00','ry','2018-03-16 11:33:00',''),(1041,'æ“ä½œåˆ é™¤',500,2,'#','',1,'F','0','monitor:operlog:remove','#','admin','2018-03-16 11:33:00','ry','2018-03-16 11:33:00',''),(1042,'æ—¥å¿—å¯¼å‡º',500,4,'#','',1,'F','0','monitor:operlog:export','#','admin','2018-03-16 11:33:00','ry','2018-03-16 11:33:00',''),(1043,'ç™»å½•æŸ¥è¯¢',501,1,'#','',1,'F','0','monitor:logininfor:query','#','admin','2018-03-16 11:33:00','ry','2018-03-16 11:33:00',''),(1044,'ç™»å½•åˆ é™¤',501,2,'#','',1,'F','0','monitor:logininfor:remove','#','admin','2018-03-16 11:33:00','ry','2018-03-16 11:33:00',''),(1045,'æ—¥å¿—å¯¼å‡º',501,3,'#','',1,'F','0','monitor:logininfor:export','#','admin','2018-03-16 11:33:00','ry','2018-03-16 11:33:00',''),(1046,'åœ¨çº¿æŸ¥è¯¢',109,1,'#','',1,'F','0','monitor:online:query','#','admin','2018-03-16 11:33:00','ry','2018-03-16 11:33:00',''),(1047,'æ‰¹é‡å¼ºé€€',109,2,'#','',1,'F','0','monitor:online:batchLogout','#','admin','2018-03-16 11:33:00','ry','2018-03-16 11:33:00',''),(1048,'å•æ¡å¼ºé€€',109,3,'#','',1,'F','0','monitor:online:forceLogout','#','admin','2018-03-16 11:33:00','ry','2018-03-16 11:33:00',''),(1049,'ä»»åŠ¡æŸ¥è¯¢',110,1,'#','',1,'F','0','monitor:job:query','#','admin','2018-03-16 11:33:00','ry','2018-03-16 11:33:00',''),(1050,'ä»»åŠ¡æ–°å¢',110,2,'#','',1,'F','0','monitor:job:add','#','admin','2018-03-16 11:33:00','ry','2018-03-16 11:33:00',''),(1051,'ä»»åŠ¡ä¿®æ”¹',110,3,'#','',1,'F','0','monitor:job:edit','#','admin','2018-03-16 11:33:00','ry','2018-03-16 11:33:00',''),(1052,'ä»»åŠ¡åˆ é™¤',110,4,'#','',1,'F','0','monitor:job:remove','#','admin','2018-03-16 11:33:00','ry','2018-03-16 11:33:00',''),(1053,'çŠ¶æ€ä¿®æ”¹',110,5,'#','',1,'F','0','monitor:job:changeStatus','#','admin','2018-03-16 11:33:00','ry','2018-03-16 11:33:00',''),(1054,'ä»»åŠ¡å¯¼å‡º',110,7,'#','',1,'F','0','monitor:job:export','#','admin','2018-03-16 11:33:00','ry','2018-03-16 11:33:00',''),(1055,'ç”ŸæˆæŸ¥è¯¢',114,1,'#','',1,'F','0','tool:gen:query','#','admin','2018-03-16 11:33:00','ry','2018-03-16 11:33:00',''),(1056,'ç”Ÿæˆä¿®æ”¹',114,2,'#','',1,'F','0','tool:gen:edit','#','admin','2018-03-16 11:33:00','ry','2018-03-16 11:33:00',''),(1057,'ç”Ÿæˆåˆ é™¤',114,3,'#','',1,'F','0','tool:gen:remove','#','admin','2018-03-16 11:33:00','ry','2018-03-16 11:33:00',''),(1058,'å¯¼å…¥ä»£ç ',114,2,'#','',1,'F','0','tool:gen:import','#','admin','2018-03-16 11:33:00','ry','2018-03-16 11:33:00',''),(1059,'é¢„è§ˆä»£ç ',114,4,'#','',1,'F','0','tool:gen:preview','#','admin','2018-03-16 11:33:00','ry','2018-03-16 11:33:00',''),(1060,'ç”Ÿæˆä»£ç ',114,5,'#','',1,'F','0','tool:gen:code','#','admin','2018-03-16 11:33:00','ry','2018-03-16 11:33:00',''),(2000,'å•†å“ç±»ç›®',2006,1,'category','shop/category/index',1,'C','0','shop:category:list','#','admin','2018-03-01 00:00:00','admin','2020-04-01 05:59:50','å•†å“ç±»ç›®èœå•'),(2001,'å•†å“ç±»ç›®æŸ¥è¯¢',2000,1,'#','',1,'F','0','shop:category:query','#','admin','2018-03-01 00:00:00','ry','2018-03-01 00:00:00',''),(2002,'å•†å“ç±»ç›®æ–°å¢',2000,2,'#','',1,'F','0','shop:category:add','#','admin','2018-03-01 00:00:00','ry','2018-03-01 00:00:00',''),(2003,'å•†å“ç±»ç›®ä¿®æ”¹',2000,3,'#','',1,'F','0','shop:category:edit','#','admin','2018-03-01 00:00:00','ry','2018-03-01 00:00:00',''),(2004,'å•†å“ç±»ç›®åˆ é™¤',2000,4,'#','',1,'F','0','shop:category:remove','#','admin','2018-03-01 00:00:00','ry','2018-03-01 00:00:00',''),(2005,'å•†å“ç±»ç›®å¯¼å‡º',2000,5,'#','',1,'F','0','shop:category:export','#','admin','2018-03-01 00:00:00','ry','2018-03-01 00:00:00',''),(2006,'å•†å“ç®¡ç†',0,0,'shop',NULL,1,'M','0',NULL,'shopping','admin','2020-04-01 05:59:31','',NULL,'');
/*!40000 ALTER TABLE `sys_menu` ENABLE KEYS */;
UNLOCK TABLES;

--
-- Table structure for table `sys_notice`
--

DROP TABLE IF EXISTS `sys_notice`;
/*!40101 SET @saved_cs_client     = @@character_set_client */;
/*!50503 SET character_set_client = utf8mb4 */;
CREATE TABLE `sys_notice` (
  `notice_id` int(4) NOT NULL AUTO_INCREMENT COMMENT 'å…¬å‘ŠID',
  `notice_title` varchar(50) NOT NULL COMMENT 'å…¬å‘Šæ ‡é¢˜',
  `notice_type` char(1) NOT NULL COMMENT 'å…¬å‘Šç±»å‹ï¼ˆ1é€šçŸ¥ 2å…¬å‘Šï¼‰',
  `notice_content` varchar(2000) DEFAULT NULL COMMENT 'å…¬å‘Šå†…å®¹',
  `status` char(1) DEFAULT '0' COMMENT 'å…¬å‘ŠçŠ¶æ€ï¼ˆ0æ­£å¸¸ 1å…³é—­ï¼‰',
  `create_by` varchar(64) DEFAULT '' COMMENT 'åˆ›å»ºè€…',
  `create_time` datetime DEFAULT NULL COMMENT 'åˆ›å»ºæ—¶é—´',
  `update_by` varchar(64) DEFAULT '' COMMENT 'æ›´æ–°è€…',
  `update_time` datetime DEFAULT NULL COMMENT 'æ›´æ–°æ—¶é—´',
  `remark` varchar(255) DEFAULT NULL COMMENT 'å¤‡æ³¨',
  PRIMARY KEY (`notice_id`)
) ENGINE=InnoDB AUTO_INCREMENT=10 DEFAULT CHARSET=utf8mb4 COLLATE=utf8mb4_0900_ai_ci COMMENT='é€šçŸ¥å…¬å‘Šè¡¨';
/*!40101 SET character_set_client = @saved_cs_client */;

--
-- Dumping data for table `sys_notice`
--

LOCK TABLES `sys_notice` WRITE;
/*!40000 ALTER TABLE `sys_notice` DISABLE KEYS */;
INSERT INTO `sys_notice` VALUES (1,'æ¸©é¦¨æé†’ï¼š2018-07-01 è‹¥ä¾æ–°ç‰ˆæœ¬å‘å¸ƒå•¦','2','æ–°ç‰ˆæœ¬å†…å®¹','0','admin','2018-03-16 11:33:00','ry','2018-03-16 11:33:00','ç®¡ç†å‘˜'),(2,'ç»´æŠ¤é€šçŸ¥ï¼š2018-07-01 è‹¥ä¾ç³»ç»Ÿå‡Œæ™¨ç»´æŠ¤','1','ç»´æŠ¤å†…å®¹','0','admin','2018-03-16 11:33:00','ry','2018-03-16 11:33:00','ç®¡ç†å‘˜');
/*!40000 ALTER TABLE `sys_notice` ENABLE KEYS */;
UNLOCK TABLES;

--
-- Table structure for table `sys_oper_log`
--

DROP TABLE IF EXISTS `sys_oper_log`;
/*!40101 SET @saved_cs_client     = @@character_set_client */;
/*!50503 SET character_set_client = utf8mb4 */;
CREATE TABLE `sys_oper_log` (
  `oper_id` bigint(20) NOT NULL AUTO_INCREMENT COMMENT 'æ—¥å¿—ä¸»é”®',
  `title` varchar(50) DEFAULT '' COMMENT 'æ¨¡å—æ ‡é¢˜',
  `business_type` int(2) DEFAULT '0' COMMENT 'ä¸šåŠ¡ç±»å‹ï¼ˆ0å…¶å®ƒ 1æ–°å¢ 2ä¿®æ”¹ 3åˆ é™¤ï¼‰',
  `method` varchar(100) DEFAULT '' COMMENT 'æ–¹æ³•åç§°',
  `request_method` varchar(10) DEFAULT '' COMMENT 'è¯·æ±‚æ–¹å¼',
  `operator_type` int(1) DEFAULT '0' COMMENT 'æ“ä½œç±»åˆ«ï¼ˆ0å…¶å®ƒ 1åå°ç”¨æˆ· 2æ‰‹æœºç«¯ç”¨æˆ·ï¼‰',
  `oper_name` varchar(50) DEFAULT '' COMMENT 'æ“ä½œäººå‘˜',
  `dept_name` varchar(50) DEFAULT '' COMMENT 'éƒ¨é—¨åç§°',
  `oper_url` varchar(255) DEFAULT '' COMMENT 'è¯·æ±‚URL',
  `oper_ip` varchar(50) DEFAULT '' COMMENT 'ä¸»æœºåœ°å€',
  `oper_location` varchar(255) DEFAULT '' COMMENT 'æ“ä½œåœ°ç‚¹',
  `oper_param` varchar(2000) DEFAULT '' COMMENT 'è¯·æ±‚å‚æ•°',
  `json_result` varchar(2000) DEFAULT '' COMMENT 'è¿”å›å‚æ•°',
  `status` int(1) DEFAULT '0' COMMENT 'æ“ä½œçŠ¶æ€ï¼ˆ0æ­£å¸¸ 1å¼‚å¸¸ï¼‰',
  `error_msg` varchar(2000) DEFAULT '' COMMENT 'é”™è¯¯æ¶ˆæ¯',
  `oper_time` datetime DEFAULT NULL COMMENT 'æ“ä½œæ—¶é—´',
  PRIMARY KEY (`oper_id`)
) ENGINE=InnoDB AUTO_INCREMENT=228 DEFAULT CHARSET=utf8mb4 COLLATE=utf8mb4_0900_ai_ci COMMENT='æ“ä½œæ—¥å¿—è®°å½•';
/*!40101 SET character_set_client = @saved_cs_client */;

--
-- Dumping data for table `sys_oper_log`
--

LOCK TABLES `sys_oper_log` WRITE;
/*!40000 ALTER TABLE `sys_oper_log` DISABLE KEYS */;
INSERT INTO `sys_oper_log` VALUES (100,'ä»£ç ç”Ÿæˆ',6,'com.ruoyi.project.tool.gen.controller.GenController.importTableSave()','POST',1,'admin',NULL,'/tool/gen/importTable','127.0.0.1','å†…ç½‘IP','v_category','{\"msg\":\"æ“ä½œæˆåŠŸ\",\"code\":200}',0,NULL,'2020-03-30 06:15:40'),(101,'ä»£ç ç”Ÿæˆ',3,'com.ruoyi.project.tool.gen.controller.GenController.remove()','DELETE',1,'admin',NULL,'/tool/gen/1','127.0.0.1','å†…ç½‘IP','{tableIds=1}','{\"msg\":\"æ“ä½œæˆåŠŸ\",\"code\":200}',0,NULL,'2020-03-30 06:16:55'),(102,'ä»£ç ç”Ÿæˆ',6,'com.ruoyi.project.tool.gen.controller.GenController.importTableSave()','POST',1,'admin',NULL,'/tool/gen/importTable','127.0.0.1','å†…ç½‘IP','v_category','{\"msg\":\"æ“ä½œæˆåŠŸ\",\"code\":200}',0,NULL,'2020-03-30 06:17:32'),(103,'ä»£ç ç”Ÿæˆ',2,'com.ruoyi.project.tool.gen.controller.GenController.editSave()','PUT',1,'admin',NULL,'/tool/gen','127.0.0.1','å†…ç½‘IP','{\"functionAuthor\":\"ruoyi\",\"columns\":[{\"usableColumn\":false,\"columnId\":9,\"isIncrement\":\"1\",\"increment\":true,\"insert\":true,\"dictType\":\"\",\"required\":false,\"superColumn\":false,\"updateBy\":\"\",\"isInsert\":\"1\",\"javaField\":\"categoryId\",\"htmlType\":\"input\",\"edit\":false,\"query\":false,\"columnComment\":\"å•†å“ç±»ç›®ID\",\"sort\":1,\"list\":false,\"params\":{},\"javaType\":\"Long\",\"queryType\":\"EQ\",\"columnType\":\"bigint(20)\",\"createBy\":\"admin\",\"isPk\":\"1\",\"createTime\":1585520252000,\"tableId\":2,\"pk\":true,\"columnName\":\"category_id\"},{\"usableColumn\":true,\"columnId\":10,\"isIncrement\":\"0\",\"increment\":false,\"insert\":true,\"isList\":\"1\",\"dictType\":\"\",\"required\":true,\"superColumn\":true,\"updateBy\":\"\",\"isInsert\":\"1\",\"isRequired\":\"1\",\"javaField\":\"parentId\",\"htmlType\":\"input\",\"edit\":true,\"query\":true,\"columnComment\":\"çˆ¶ID\",\"isQuery\":\"1\",\"sort\":2,\"list\":true,\"params\":{},\"javaType\":\"Long\",\"queryType\":\"EQ\",\"columnType\":\"bigint(20)\",\"createBy\":\"admin\",\"isPk\":\"0\",\"createTime\":1585520252000,\"isEdit\":\"1\",\"tableId\":2,\"pk\":false,\"columnName\":\"parent_id\"},{\"usableColumn\":false,\"columnId\":11,\"isIncrement\":\"0\",\"increment\":false,\"insert\":true,\"isList\":\"1\",\"dictType\":\"\",\"required\":true,\"superColumn\":false,\"updateBy\":\"\",\"isInsert\":\"1\",\"isRequired\":\"1\",\"javaField\":\"name\",\"htmlType\":\"input\",\"edit\":true,\"query\":true,\"columnComment\":\"ç±»ç›®åç§°\",\"isQuery\":\"1\",\"sort\":3,\"list\":true,\"params\":{},\"javaType\":\"String\",\"queryType\":\"LIKE\",\"columnType\":\"varchar(128)\",\"createBy\":\"admin\",\"isPk\":\"0\",\"createTime\":1585520252000,\"isEdit\":\"1\",\"tableId\":2,\"pk\":false,\"columnName\":\"name\"},{\"usableColumn\":false,\"columnId\":12,\"isIncrement\":\"0\",\"increment\":false,\"insert\":true,\"isList\":\"1\",\"dictType\":\"\",\"required\":true,\"superColumn\":false,\"updateBy\":\"\",\"isInsert\":\"1\",\"isRequired\":\"1\",\"javaField\":\"status\",\"htmlType\":\"radio\",\"edit\":true,\"query\":true,\"columnComment\":\"çŠ¶æ€ 1å¯ç”¨,-1ç¦ç”¨\",\"isQuery\":\"1\",\"sort\":4,\"list\":true,\"params\":{},\"javaType\":\"Integer\",\"queryType\":\"EQ\",\"columnType\":\"tinyint(1)\",\"createBy\":\"admin\",\"isPk\":\"0\",\"createTime\":1585520252000,\"isEdit\":\"1\",\"tableId\":2,','{\"msg\":\"æ“ä½œæˆåŠŸ\",\"code\":200}',0,NULL,'2020-03-30 06:18:00'),(104,'ä»£ç ç”Ÿæˆ',2,'com.ruoyi.project.tool.gen.controller.GenController.editSave()','PUT',1,'admin',NULL,'/tool/gen','127.0.0.1','å†…ç½‘IP','{\"functionAuthor\":\"wanghuan\",\"columns\":[{\"usableColumn\":false,\"columnId\":9,\"isIncrement\":\"1\",\"increment\":true,\"insert\":true,\"dictType\":\"\",\"required\":false,\"superColumn\":false,\"updateBy\":\"\",\"isInsert\":\"1\",\"javaField\":\"categoryId\",\"htmlType\":\"input\",\"edit\":false,\"query\":false,\"columnComment\":\"å•†å“ç±»ç›®ID\",\"updateTime\":1585520280000,\"sort\":1,\"list\":false,\"params\":{},\"javaType\":\"Long\",\"queryType\":\"EQ\",\"columnType\":\"bigint(20)\",\"createBy\":\"admin\",\"isPk\":\"1\",\"createTime\":1585520252000,\"tableId\":2,\"pk\":true,\"columnName\":\"category_id\"},{\"usableColumn\":true,\"columnId\":10,\"isIncrement\":\"0\",\"increment\":false,\"insert\":true,\"isList\":\"1\",\"dictType\":\"\",\"required\":true,\"superColumn\":true,\"updateBy\":\"\",\"isInsert\":\"1\",\"isRequired\":\"1\",\"javaField\":\"parentId\",\"htmlType\":\"input\",\"edit\":true,\"query\":true,\"columnComment\":\"çˆ¶ID\",\"isQuery\":\"1\",\"updateTime\":1585520280000,\"sort\":2,\"list\":true,\"params\":{},\"javaType\":\"Long\",\"queryType\":\"EQ\",\"columnType\":\"bigint(20)\",\"createBy\":\"admin\",\"isPk\":\"0\",\"createTime\":1585520252000,\"isEdit\":\"1\",\"tableId\":2,\"pk\":false,\"columnName\":\"parent_id\"},{\"usableColumn\":false,\"columnId\":11,\"isIncrement\":\"0\",\"increment\":false,\"insert\":true,\"isList\":\"1\",\"dictType\":\"\",\"required\":true,\"superColumn\":false,\"updateBy\":\"\",\"isInsert\":\"1\",\"isRequired\":\"1\",\"javaField\":\"name\",\"htmlType\":\"input\",\"edit\":true,\"query\":true,\"columnComment\":\"ç±»ç›®åç§°\",\"isQuery\":\"1\",\"updateTime\":1585520280000,\"sort\":3,\"list\":true,\"params\":{},\"javaType\":\"String\",\"queryType\":\"LIKE\",\"columnType\":\"varchar(128)\",\"createBy\":\"admin\",\"isPk\":\"0\",\"createTime\":1585520252000,\"isEdit\":\"1\",\"tableId\":2,\"pk\":false,\"columnName\":\"name\"},{\"usableColumn\":false,\"columnId\":12,\"isIncrement\":\"0\",\"increment\":false,\"insert\":true,\"isList\":\"1\",\"dictType\":\"\",\"required\":true,\"superColumn\":false,\"updateBy\":\"\",\"isInsert\":\"1\",\"isRequired\":\"1\",\"javaField\":\"status\",\"htmlType\":\"radio\",\"edit\":true,\"query\":true,\"columnComment\":\"çŠ¶æ€ 1å¯ç”¨,-1ç¦ç”¨\",\"isQuery\":\"1\",\"updateTime\":1585520280000,\"sort\":4,\"list\":true,\"params\":{},\"javaType\":\"Integer\",\"queryType\":\"E','{\"msg\":\"æ“ä½œæˆåŠŸ\",\"code\":200}',0,NULL,'2020-03-30 06:18:11'),(105,'ä»£ç ç”Ÿæˆ',2,'com.ruoyi.project.tool.gen.controller.GenController.editSave()','PUT',1,'admin',NULL,'/tool/gen','127.0.0.1','å†…ç½‘IP','{\"functionAuthor\":\"wanghuan\",\"columns\":[{\"usableColumn\":false,\"columnId\":9,\"isIncrement\":\"1\",\"increment\":true,\"insert\":true,\"dictType\":\"\",\"required\":false,\"superColumn\":false,\"updateBy\":\"\",\"isInsert\":\"1\",\"javaField\":\"categoryId\",\"htmlType\":\"input\",\"edit\":false,\"query\":false,\"columnComment\":\"å•†å“ç±»ç›®ID\",\"updateTime\":1585520291000,\"sort\":1,\"list\":false,\"params\":{},\"javaType\":\"Long\",\"queryType\":\"EQ\",\"columnType\":\"bigint(20)\",\"createBy\":\"admin\",\"isPk\":\"1\",\"createTime\":1585520252000,\"tableId\":2,\"pk\":true,\"columnName\":\"category_id\"},{\"usableColumn\":true,\"columnId\":10,\"isIncrement\":\"0\",\"increment\":false,\"insert\":true,\"isList\":\"1\",\"dictType\":\"\",\"required\":true,\"superColumn\":true,\"updateBy\":\"\",\"isInsert\":\"1\",\"isRequired\":\"1\",\"javaField\":\"parentId\",\"htmlType\":\"input\",\"edit\":true,\"query\":true,\"columnComment\":\"çˆ¶ID\",\"isQuery\":\"1\",\"updateTime\":1585520291000,\"sort\":2,\"list\":true,\"params\":{},\"javaType\":\"Long\",\"queryType\":\"EQ\",\"columnType\":\"bigint(20)\",\"createBy\":\"admin\",\"isPk\":\"0\",\"createTime\":1585520252000,\"isEdit\":\"1\",\"tableId\":2,\"pk\":false,\"columnName\":\"parent_id\"},{\"usableColumn\":false,\"columnId\":11,\"isIncrement\":\"0\",\"increment\":false,\"insert\":true,\"isList\":\"1\",\"dictType\":\"\",\"required\":true,\"superColumn\":false,\"updateBy\":\"\",\"isInsert\":\"1\",\"isRequired\":\"1\",\"javaField\":\"name\",\"htmlType\":\"input\",\"edit\":true,\"query\":true,\"columnComment\":\"ç±»ç›®åç§°\",\"isQuery\":\"1\",\"updateTime\":1585520291000,\"sort\":3,\"list\":true,\"params\":{},\"javaType\":\"String\",\"queryType\":\"LIKE\",\"columnType\":\"varchar(128)\",\"createBy\":\"admin\",\"isPk\":\"0\",\"createTime\":1585520252000,\"isEdit\":\"1\",\"tableId\":2,\"pk\":false,\"columnName\":\"name\"},{\"usableColumn\":false,\"columnId\":12,\"isIncrement\":\"0\",\"increment\":false,\"insert\":true,\"isList\":\"1\",\"dictType\":\"\",\"required\":true,\"superColumn\":false,\"updateBy\":\"\",\"isInsert\":\"1\",\"isRequired\":\"1\",\"javaField\":\"status\",\"htmlType\":\"radio\",\"edit\":true,\"query\":true,\"columnComment\":\"çŠ¶æ€ 1å¯ç”¨,-1ç¦ç”¨\",\"isQuery\":\"1\",\"updateTime\":1585520291000,\"sort\":4,\"list\":true,\"params\":{},\"javaType\":\"Integer\",\"queryType\":\"E','{\"msg\":\"æ“ä½œæˆåŠŸ\",\"code\":200}',0,NULL,'2020-03-30 06:19:40'),(106,'å­—å…¸ç±»å‹',1,'com.ruoyi.project.system.controller.SysDictTypeController.add()','POST',1,'admin',NULL,'/system/dict/type','127.0.0.1','å†…ç½‘IP','{\"params\":{},\"dictType\":\"status\",\"createBy\":\"admin\",\"dictName\":\"å•†å“ç±»ç›®çŠ¶æ€\",\"status\":\"0\"}','{\"msg\":\"æ“ä½œæˆåŠŸ\",\"code\":200}',0,NULL,'2020-03-30 06:21:04'),(107,'å­—å…¸ç±»å‹',2,'com.ruoyi.project.system.controller.SysDictTypeController.edit()','PUT',1,'admin',NULL,'/system/dict/type','127.0.0.1','å†…ç½‘IP','{\"dictId\":100,\"params\":{},\"dictType\":\"status\",\"createBy\":\"admin\",\"createTime\":1585520464000,\"updateBy\":\"admin\",\"dictName\":\"å•†å“ç±»ç›®çŠ¶æ€\",\"status\":\"0\"}','{\"msg\":\"æ“ä½œæˆåŠŸ\",\"code\":200}',0,NULL,'2020-03-30 06:21:16'),(108,'å­—å…¸æ•°æ®',1,'com.ruoyi.project.system.controller.SysDictDataController.add()','POST',1,'admin',NULL,'/system/dict/data','127.0.0.1','å†…ç½‘IP','{\"dictValue\":\"1\",\"dictSort\":0,\"params\":{},\"dictType\":\"status\",\"dictLabel\":\"å¯ç”¨\",\"createBy\":\"admin\",\"default\":false,\"status\":\"0\"}','{\"msg\":\"æ“ä½œæˆåŠŸ\",\"code\":200}',0,NULL,'2020-03-30 06:21:33'),(109,'å­—å…¸æ•°æ®',1,'com.ruoyi.project.system.controller.SysDictDataController.add()','POST',1,'admin',NULL,'/system/dict/data','127.0.0.1','å†…ç½‘IP','{\"dictValue\":\"-1\",\"dictSort\":0,\"params\":{},\"dictType\":\"status\",\"dictLabel\":\"ç¦ç”¨\",\"createBy\":\"admin\",\"default\":false,\"status\":\"0\"}','{\"msg\":\"æ“ä½œæˆåŠŸ\",\"code\":200}',0,NULL,'2020-03-30 06:21:42'),(110,'ä»£ç ç”Ÿæˆ',2,'com.ruoyi.project.tool.gen.controller.GenController.editSave()','PUT',1,'admin',NULL,'/tool/gen','127.0.0.1','å†…ç½‘IP','{\"functionAuthor\":\"wanghuan\",\"columns\":[{\"usableColumn\":false,\"columnId\":9,\"isIncrement\":\"1\",\"increment\":true,\"insert\":true,\"dictType\":\"\",\"required\":false,\"superColumn\":false,\"updateBy\":\"\",\"isInsert\":\"1\",\"javaField\":\"categoryId\",\"htmlType\":\"input\",\"edit\":false,\"query\":false,\"columnComment\":\"å•†å“ç±»ç›®ID\",\"updateTime\":1585520380000,\"sort\":1,\"list\":false,\"params\":{},\"javaType\":\"Long\",\"queryType\":\"EQ\",\"columnType\":\"bigint(20)\",\"createBy\":\"admin\",\"isPk\":\"1\",\"createTime\":1585520252000,\"tableId\":2,\"pk\":true,\"columnName\":\"category_id\"},{\"usableColumn\":true,\"columnId\":10,\"isIncrement\":\"0\",\"increment\":false,\"insert\":true,\"isList\":\"1\",\"dictType\":\"\",\"required\":true,\"superColumn\":true,\"updateBy\":\"\",\"isInsert\":\"1\",\"isRequired\":\"1\",\"javaField\":\"parentId\",\"htmlType\":\"input\",\"edit\":true,\"query\":true,\"columnComment\":\"çˆ¶ID\",\"isQuery\":\"1\",\"updateTime\":1585520380000,\"sort\":2,\"list\":true,\"params\":{},\"javaType\":\"Long\",\"queryType\":\"EQ\",\"columnType\":\"bigint(20)\",\"createBy\":\"admin\",\"isPk\":\"0\",\"createTime\":1585520252000,\"isEdit\":\"1\",\"tableId\":2,\"pk\":false,\"columnName\":\"parent_id\"},{\"usableColumn\":false,\"columnId\":11,\"isIncrement\":\"0\",\"increment\":false,\"insert\":true,\"isList\":\"1\",\"dictType\":\"\",\"required\":true,\"superColumn\":false,\"updateBy\":\"\",\"isInsert\":\"1\",\"isRequired\":\"1\",\"javaField\":\"name\",\"htmlType\":\"input\",\"edit\":true,\"query\":true,\"columnComment\":\"ç±»ç›®åç§°\",\"isQuery\":\"1\",\"updateTime\":1585520380000,\"sort\":3,\"list\":true,\"params\":{},\"javaType\":\"String\",\"queryType\":\"LIKE\",\"columnType\":\"varchar(128)\",\"createBy\":\"admin\",\"isPk\":\"0\",\"createTime\":1585520252000,\"isEdit\":\"1\",\"tableId\":2,\"pk\":false,\"columnName\":\"name\"},{\"usableColumn\":false,\"columnId\":12,\"isIncrement\":\"0\",\"increment\":false,\"insert\":true,\"isList\":\"1\",\"dictType\":\"status\",\"required\":true,\"superColumn\":false,\"updateBy\":\"\",\"isInsert\":\"1\",\"isRequired\":\"1\",\"javaField\":\"status\",\"htmlType\":\"radio\",\"edit\":true,\"query\":true,\"columnComment\":\"çŠ¶æ€ 1å¯ç”¨,-1ç¦ç”¨\",\"isQuery\":\"1\",\"updateTime\":1585520380000,\"sort\":4,\"list\":true,\"params\":{},\"javaType\":\"Integer\",\"queryTy','{\"msg\":\"æ“ä½œæˆåŠŸ\",\"code\":200}',0,NULL,'2020-03-30 06:22:51'),(111,'ä»£ç ç”Ÿæˆ',2,'com.ruoyi.project.tool.gen.controller.GenController.editSave()','PUT',1,'admin',NULL,'/tool/gen','127.0.0.1','å†…ç½‘IP','{\"functionAuthor\":\"wanghuan\",\"columns\":[{\"usableColumn\":false,\"columnId\":9,\"isIncrement\":\"1\",\"increment\":true,\"insert\":true,\"dictType\":\"\",\"required\":false,\"superColumn\":false,\"updateBy\":\"\",\"isInsert\":\"1\",\"javaField\":\"categoryId\",\"htmlType\":\"input\",\"edit\":false,\"query\":false,\"columnComment\":\"å•†å“ç±»ç›®ID\",\"updateTime\":1585520571000,\"sort\":1,\"list\":false,\"params\":{},\"javaType\":\"Long\",\"queryType\":\"EQ\",\"columnType\":\"bigint(20)\",\"createBy\":\"admin\",\"isPk\":\"1\",\"createTime\":1585520252000,\"tableId\":2,\"pk\":true,\"columnName\":\"category_id\"},{\"usableColumn\":true,\"columnId\":10,\"isIncrement\":\"0\",\"increment\":false,\"insert\":true,\"isList\":\"1\",\"dictType\":\"\",\"required\":true,\"superColumn\":true,\"updateBy\":\"\",\"isInsert\":\"1\",\"isRequired\":\"1\",\"javaField\":\"parentId\",\"htmlType\":\"input\",\"edit\":true,\"query\":true,\"columnComment\":\"çˆ¶ID\",\"isQuery\":\"1\",\"updateTime\":1585520571000,\"sort\":2,\"list\":true,\"params\":{},\"javaType\":\"Long\",\"queryType\":\"EQ\",\"columnType\":\"bigint(20)\",\"createBy\":\"admin\",\"isPk\":\"0\",\"createTime\":1585520252000,\"isEdit\":\"1\",\"tableId\":2,\"pk\":false,\"columnName\":\"parent_id\"},{\"usableColumn\":false,\"columnId\":11,\"isIncrement\":\"0\",\"increment\":false,\"insert\":true,\"isList\":\"1\",\"dictType\":\"\",\"required\":true,\"superColumn\":false,\"updateBy\":\"\",\"isInsert\":\"1\",\"isRequired\":\"1\",\"javaField\":\"name\",\"htmlType\":\"input\",\"edit\":true,\"query\":true,\"columnComment\":\"ç±»ç›®åç§°\",\"isQuery\":\"1\",\"updateTime\":1585520571000,\"sort\":3,\"list\":true,\"params\":{},\"javaType\":\"String\",\"queryType\":\"LIKE\",\"columnType\":\"varchar(128)\",\"createBy\":\"admin\",\"isPk\":\"0\",\"createTime\":1585520252000,\"isEdit\":\"1\",\"tableId\":2,\"pk\":false,\"columnName\":\"name\"},{\"usableColumn\":false,\"columnId\":12,\"isIncrement\":\"0\",\"increment\":false,\"insert\":true,\"isList\":\"1\",\"dictType\":\"status\",\"required\":true,\"superColumn\":false,\"updateBy\":\"\",\"isInsert\":\"1\",\"isRequired\":\"1\",\"javaField\":\"status\",\"htmlType\":\"radio\",\"edit\":true,\"query\":true,\"columnComment\":\"çŠ¶æ€ 1å¯ç”¨,-1ç¦ç”¨\",\"isQuery\":\"1\",\"updateTime\":1585520571000,\"sort\":4,\"list\":true,\"params\":{},\"javaType\":\"Integer\",\"queryTy','{\"msg\":\"æ“ä½œæˆåŠŸ\",\"code\":200}',0,NULL,'2020-03-30 06:24:17'),(112,'ä»£ç ç”Ÿæˆ',8,'com.ruoyi.project.tool.gen.controller.GenController.batchGenCode()','GET',1,'admin',NULL,'/tool/gen/batchGenCode','127.0.0.1','å†…ç½‘IP','{}','null',0,NULL,'2020-03-30 06:24:37'),(113,'å•†å“ç±»ç›®',1,'com.ruoyi.project.shop.controller.VCategoryController.add()','POST',1,'admin',NULL,'/shop/category','127.0.0.1','å†…ç½‘IP','{\"orderNum\":0,\"params\":{},\"parentId\":0,\"listStyle\":1,\"children\":[],\"name\":\"æœè£…\",\"categoryId\":1,\"status\":1}','{\"msg\":\"æ“ä½œæˆåŠŸ\",\"code\":200}',0,NULL,'2020-03-30 08:01:56'),(114,'å•†å“ç±»ç›®',1,'com.ruoyi.project.shop.controller.VCategoryController.add()','POST',1,'admin',NULL,'/shop/category','127.0.0.1','å†…ç½‘IP','{\"orderNum\":1,\"params\":{},\"parentId\":0,\"listStyle\":0,\"children\":[],\"name\":\"é£Ÿå“\",\"categoryId\":2,\"status\":1}','{\"msg\":\"æ“ä½œæˆåŠŸ\",\"code\":200}',0,NULL,'2020-03-30 08:02:26'),(115,'å•†å“ç±»ç›®',2,'com.ruoyi.project.shop.controller.VCategoryController.edit()','PUT',1,'admin',NULL,'/shop/category','127.0.0.1','å†…ç½‘IP','{\"orderNum\":1,\"params\":{},\"parentId\":2,\"listStyle\":0,\"children\":[],\"name\":\"é›¶é£Ÿ\",\"categoryId\":2,\"status\":1}','{\"msg\":\"æ“ä½œæˆåŠŸ\",\"code\":200}',0,NULL,'2020-03-30 08:02:56'),(116,'å•†å“ç±»ç›®',1,'com.ruoyi.project.shop.controller.VCategoryController.add()','POST',1,'admin',NULL,'/shop/category','127.0.0.1','å†…ç½‘IP','{\"orderNum\":1,\"params\":{},\"parentId\":1,\"listStyle\":0,\"children\":[],\"name\":\"Tæ¤\",\"categoryId\":3,\"status\":1}','{\"msg\":\"æ“ä½œæˆåŠŸ\",\"code\":200}',0,NULL,'2020-03-30 08:03:37'),(117,'å•†å“ç±»ç›®',2,'com.ruoyi.project.shop.controller.VCategoryController.edit()','PUT',1,'admin',NULL,'/shop/category','127.0.0.1','å†…ç½‘IP','{\"orderNum\":1,\"params\":{},\"parentId\":1,\"listStyle\":1,\"children\":[],\"name\":\"Tæ¤\",\"categoryId\":3,\"status\":-1}','{\"msg\":\"æ“ä½œæˆåŠŸ\",\"code\":200}',0,NULL,'2020-04-01 02:31:32'),(118,'å•†å“ç±»ç›®',2,'com.ruoyi.project.shop.controller.VCategoryController.edit()','PUT',1,'admin',NULL,'/shop/category','127.0.0.1','å†…ç½‘IP','{\"orderNum\":1,\"params\":{},\"parentId\":1,\"listStyle\":1,\"children\":[],\"name\":\"Tæ¤\",\"categoryId\":3,\"status\":1}','{\"msg\":\"æ“ä½œæˆåŠŸ\",\"code\":200}',0,NULL,'2020-04-01 02:31:35'),(119,'ç”¨æˆ·å¤´åƒ',2,'com.ruoyi.project.system.controller.SysProfileController.avatar()','POST',1,'admin',NULL,'/system/user/profile/avatar','127.0.0.1','å†…ç½‘IP','','null',1,'/Users/wanghuan/iCode/Java/uploads/avatar/2020/04/01/f2d10d2e14677d507e24cccbe4452946.jpeg','2020-04-01 02:56:01'),(120,'ç”¨æˆ·å¤´åƒ',2,'com.ruoyi.project.system.controller.SysProfileController.avatar()','POST',1,'admin',NULL,'/system/user/profile/avatar','127.0.0.1','å†…ç½‘IP','','null',1,'/Users/wanghuan/iCode/Java/uploads/avatar/2020/04/01/31c325def6b8fbe13efd015cf4e95dd2.jpeg','2020-04-01 02:56:11'),(121,'ç”¨æˆ·å¤´åƒ',2,'com.ruoyi.project.system.controller.SysProfileController.avatar()','POST',1,'admin',NULL,'/system/user/profile/avatar','127.0.0.1','å†…ç½‘IP','','null',1,'/Users/wanghuan/iCode/Java/uploads/avatar/2020/04/01/e7663451f834168eebc32dff2b21adc9.jpeg','2020-04-01 02:56:12'),(122,'ç”¨æˆ·å¤´åƒ',2,'com.ruoyi.project.system.controller.SysProfileController.avatar()','POST',1,'admin',NULL,'/system/user/profile/avatar','127.0.0.1','å†…ç½‘IP','','null',1,'/Users/wanghuan/iCode/Java/uploads/avatar/2020/04/01/840d7d368df21746f2b96d7a68f4cfcc.jpeg','2020-04-01 02:56:13'),(123,'ç”¨æˆ·å¤´åƒ',2,'com.ruoyi.project.system.controller.SysProfileController.avatar()','POST',1,'admin',NULL,'/system/user/profile/avatar','127.0.0.1','å†…ç½‘IP','','null',1,'/Users/wanghuan/iCode/Java/uploads/avatar/2020/04/01/c13d26d0eeee5c75b3620e6e6a451cb0.jpeg','2020-04-01 02:56:14'),(124,'ç”¨æˆ·å¤´åƒ',2,'com.ruoyi.project.system.controller.SysProfileController.avatar()','POST',1,'admin',NULL,'/system/user/profile/avatar','127.0.0.1','å†…ç½‘IP','','null',1,'/Users/wanghuan/iCode/Java/uploads/avatar/2020/04/01/62a2c66ff1ec9d3ecdf1aafd18264dd1.jpeg','2020-04-01 02:56:14'),(125,'ç”¨æˆ·å¤´åƒ',2,'com.ruoyi.project.system.controller.SysProfileController.avatar()','POST',1,'admin',NULL,'/system/user/profile/avatar','127.0.0.1','å†…ç½‘IP','','null',1,'/Users/wanghuan/iCode/Java/uploads/avatar/2020/04/01/67bee67e4e4f5d96aa37621d2ec91eb5.jpeg','2020-04-01 02:56:15'),(126,'ç”¨æˆ·å¤´åƒ',2,'com.ruoyi.project.system.controller.SysProfileController.avatar()','POST',1,'admin',NULL,'/system/user/profile/avatar','127.0.0.1','å†…ç½‘IP','','null',1,'/Users/wanghuan/iCode/Java/uploads/avatar/2020/04/01/8a516e133f24bd1667e2edf2cc740627.jpeg','2020-04-01 02:56:15'),(127,'ç”¨æˆ·å¤´åƒ',2,'com.ruoyi.project.system.controller.SysProfileController.avatar()','POST',1,'admin',NULL,'/system/user/profile/avatar','127.0.0.1','å†…ç½‘IP','','null',1,'/Users/wanghuan/iCode/Java/uploads/avatar/2020/04/01/34ab7831080c05ca541c696a060dddac.jpeg','2020-04-01 02:56:15'),(128,'ç”¨æˆ·å¤´åƒ',2,'com.ruoyi.project.system.controller.SysProfileController.avatar()','POST',1,'admin',NULL,'/system/user/profile/avatar','127.0.0.1','å†…ç½‘IP','','null',1,'/Users/wanghuan/iCode/Java/uploads/avatar/2020/04/01/180f07d7a2165158ad757288f596055c.jpeg','2020-04-01 02:56:16'),(129,'ç”¨æˆ·å¤´åƒ',2,'com.ruoyi.project.system.controller.SysProfileController.avatar()','POST',1,'admin',NULL,'/system/user/profile/avatar','127.0.0.1','å†…ç½‘IP','','null',1,'/Users/wanghuan/iCode/Java/uploads/avatar/2020/04/01/14e55d82113d1c79fad4ed669d415e86.jpeg','2020-04-01 02:56:16'),(130,'ç”¨æˆ·å¤´åƒ',2,'com.ruoyi.project.system.controller.SysProfileController.avatar()','POST',1,'admin',NULL,'/system/user/profile/avatar','127.0.0.1','å†…ç½‘IP','','null',1,'/Users/wanghuan/iCode/Java/uploads/avatar/2020/04/01/fcca704d9c148dddc40da78292af7e57.jpeg','2020-04-01 02:56:16'),(131,'ç”¨æˆ·å¤´åƒ',2,'com.ruoyi.project.system.controller.SysProfileController.avatar()','POST',1,'admin',NULL,'/system/user/profile/avatar','127.0.0.1','å†…ç½‘IP','','null',1,'/Users/wanghuan/iCode/Java/uploads/avatar/2020/04/01/62df5e324b738c26afc00d6d0be64193.jpeg','2020-04-01 02:56:17'),(132,'ç”¨æˆ·å¤´åƒ',2,'com.ruoyi.project.system.controller.SysProfileController.avatar()','POST',1,'admin',NULL,'/system/user/profile/avatar','127.0.0.1','å†…ç½‘IP','','null',1,'/Users/wanghuan/iCode/Java/uploads/avatar/2020/04/01/257ace3d7cfc6fd2230a130148a6f166.jpeg','2020-04-01 02:56:17'),(133,'ç”¨æˆ·å¤´åƒ',2,'com.ruoyi.project.system.controller.SysProfileController.avatar()','POST',1,'admin',NULL,'/system/user/profile/avatar','127.0.0.1','å†…ç½‘IP','','null',1,'/Users/wanghuan/iCode/Java/uploads/avatar/2020/04/01/f782c75e2582cb6c18ffa8504c8fb56b.jpeg','2020-04-01 02:56:17'),(134,'ç”¨æˆ·å¤´åƒ',2,'com.ruoyi.project.system.controller.SysProfileController.avatar()','POST',1,'admin',NULL,'/system/user/profile/avatar','127.0.0.1','å†…ç½‘IP','','null',1,'/Users/wanghuan/iCode/Java/uploads/avatar/2020/04/01/78ae995faf7ad2aefa8f8ade9d007f4c.jpeg','2020-04-01 02:56:17'),(135,'ç”¨æˆ·å¤´åƒ',2,'com.ruoyi.project.system.controller.SysProfileController.avatar()','POST',1,'admin',NULL,'/system/user/profile/avatar','127.0.0.1','å†…ç½‘IP','','null',1,'/Users/wanghuan/iCode/Java/uploads/avatar/2020/04/01/3ff4d79efff1fe823e8dffb29403be70.jpeg','2020-04-01 02:56:18'),(136,'ç”¨æˆ·å¤´åƒ',2,'com.ruoyi.project.system.controller.SysProfileController.avatar()','POST',1,'admin',NULL,'/system/user/profile/avatar','127.0.0.1','å†…ç½‘IP','','null',1,'/Users/wanghuan/iCode/Java/uploads/avatar/2020/04/01/e564e74a0f347460d80a6e34a14e74df.jpeg','2020-04-01 02:56:18'),(137,'ç”¨æˆ·å¤´åƒ',2,'com.ruoyi.project.system.controller.SysProfileController.avatar()','POST',1,'admin',NULL,'/system/user/profile/avatar','127.0.0.1','å†…ç½‘IP','','null',1,'/Users/wanghuan/iCode/Java/uploads/avatar/2020/04/01/51cc1efecb2e922185757fad0de6fa0d.jpeg','2020-04-01 02:56:18'),(138,'ç”¨æˆ·å¤´åƒ',2,'com.ruoyi.project.system.controller.SysProfileController.avatar()','POST',1,'admin',NULL,'/system/user/profile/avatar','127.0.0.1','å†…ç½‘IP','','null',1,'/Users/wanghuan/iCode/Java/uploads/avatar/2020/04/01/0e95b97f084c193813f8b96dcfd0c474.jpeg','2020-04-01 02:56:19'),(139,'ç”¨æˆ·å¤´åƒ',2,'com.ruoyi.project.system.controller.SysProfileController.avatar()','POST',1,'admin',NULL,'/system/user/profile/avatar','127.0.0.1','å†…ç½‘IP','','null',1,'/Users/wanghuan/iCode/Java/uploads/avatar/2020/04/01/96ad3a2e18b651c6ca10553ccbb1b949.jpeg','2020-04-01 02:56:20'),(140,'ç”¨æˆ·å¤´åƒ',2,'com.ruoyi.project.system.controller.SysProfileController.avatar()','POST',1,'admin',NULL,'/system/user/profile/avatar','127.0.0.1','å†…ç½‘IP','','null',1,'/Users/wanghuan/iCode/Java/uploads/avatar/2020/04/01/f43cafacb7b2de557ab6dc8d51a955ab.jpeg','2020-04-01 02:56:21'),(141,'ç”¨æˆ·å¤´åƒ',2,'com.ruoyi.project.system.controller.SysProfileController.avatar()','POST',1,'admin',NULL,'/system/user/profile/avatar','127.0.0.1','å†…ç½‘IP','','null',1,'/Users/wanghuan/iCode/Java/uploads/avatar/2020/04/01/33157b9518c4282298ef7d9a4cbc5482.jpeg','2020-04-01 02:56:21'),(142,'ç”¨æˆ·å¤´åƒ',2,'com.ruoyi.project.system.controller.SysProfileController.avatar()','POST',1,'admin',NULL,'/system/user/profile/avatar','127.0.0.1','å†…ç½‘IP','','null',1,'/Users/wanghuan/iCode/Java/uploads/avatar/2020/04/01/de66193a68aae18ba5e536de4709a8d4.jpeg','2020-04-01 02:56:21'),(143,'ç”¨æˆ·å¤´åƒ',2,'com.ruoyi.project.system.controller.SysProfileController.avatar()','POST',1,'admin',NULL,'/system/user/profile/avatar','127.0.0.1','å†…ç½‘IP','','null',1,'/Users/wanghuan/iCode/Java/uploads/avatar/2020/04/01/e634bffc62fedea70be91a07afe4a897.jpeg','2020-04-01 02:56:22'),(144,'ç”¨æˆ·å¤´åƒ',2,'com.ruoyi.project.system.controller.SysProfileController.avatar()','POST',1,'admin',NULL,'/system/user/profile/avatar','127.0.0.1','å†…ç½‘IP','','null',1,'/Users/wanghuan/iCode/Java/uploads/avatar/2020/04/01/ea87cf84236e11e5a580a86ee474036b.jpeg','2020-04-01 02:56:22'),(145,'ç”¨æˆ·å¤´åƒ',2,'com.ruoyi.project.system.controller.SysProfileController.avatar()','POST',1,'admin',NULL,'/system/user/profile/avatar','127.0.0.1','å†…ç½‘IP','','null',1,'/Users/wanghuan/iCode/Java/uploads/avatar/2020/04/01/2dad5dbaadba30918aca71006b945a70.jpeg','2020-04-01 02:56:22'),(146,'ç”¨æˆ·å¤´åƒ',2,'com.ruoyi.project.system.controller.SysProfileController.avatar()','POST',1,'admin',NULL,'/system/user/profile/avatar','127.0.0.1','å†…ç½‘IP','','null',1,'/Users/wanghuan/iCode/Java/uploads/avatar/2020/04/01/e8815a8ead76aa948267fbe4d3fc538b.jpeg','2020-04-01 02:56:22'),(147,'ç”¨æˆ·å¤´åƒ',2,'com.ruoyi.project.system.controller.SysProfileController.avatar()','POST',1,'admin',NULL,'/system/user/profile/avatar','127.0.0.1','å†…ç½‘IP','','null',1,'/Users/wanghuan/iCode/Java/uploads/avatar/2020/04/01/a57db7dc7c5e81bd293c174dc2c6f0d6.jpeg','2020-04-01 02:56:22'),(148,'ç”¨æˆ·å¤´åƒ',2,'com.ruoyi.project.system.controller.SysProfileController.avatar()','POST',1,'admin',NULL,'/system/user/profile/avatar','127.0.0.1','å†…ç½‘IP','','null',1,'/Users/wanghuan/iCode/Java/uploads/avatar/2020/04/01/5175c905b2e8dd013fb6380359e12b12.jpeg','2020-04-01 02:56:23'),(149,'ç”¨æˆ·å¤´åƒ',2,'com.ruoyi.project.system.controller.SysProfileController.avatar()','POST',1,'admin',NULL,'/system/user/profile/avatar','127.0.0.1','å†…ç½‘IP','','null',1,'/Users/wanghuan/iCode/Java/uploads/avatar/2020/04/01/d01efd9aeb754bc375d90ab182641ffe.jpeg','2020-04-01 02:56:23'),(150,'ç”¨æˆ·å¤´åƒ',2,'com.ruoyi.project.system.controller.SysProfileController.avatar()','POST',1,'admin',NULL,'/system/user/profile/avatar','127.0.0.1','å†…ç½‘IP','','null',1,'/Users/wanghuan/iCode/Java/uploads/avatar/2020/04/01/e53c5aebce82fe060c0b51bbfed709e8.jpeg','2020-04-01 02:56:23'),(151,'ç”¨æˆ·å¤´åƒ',2,'com.ruoyi.project.system.controller.SysProfileController.avatar()','POST',1,'admin',NULL,'/system/user/profile/avatar','127.0.0.1','å†…ç½‘IP','','null',1,'/Users/wanghuan/iCode/Java/uploads/avatar/2020/04/01/d9a170c8436200d85022caf18a2c9096.jpeg','2020-04-01 02:56:24'),(152,'ç”¨æˆ·å¤´åƒ',2,'com.ruoyi.project.system.controller.SysProfileController.avatar()','POST',1,'admin',NULL,'/system/user/profile/avatar','127.0.0.1','å†…ç½‘IP','','null',1,'/Users/wanghuan/iCode/Java/uploads/avatar/2020/04/01/618545ae7f2224542ab4f91623503659.jpeg','2020-04-01 02:56:25'),(153,'ç”¨æˆ·å¤´åƒ',2,'com.ruoyi.project.system.controller.SysProfileController.avatar()','POST',1,'admin',NULL,'/system/user/profile/avatar','127.0.0.1','å†…ç½‘IP','','null',1,'/Users/wanghuan/iCode/Java/uploads/avatar/2020/04/01/4435689059f9b5d2cf88a2e12f6ebe7e.jpeg','2020-04-01 02:56:29'),(154,'ä¸ªäººä¿¡æ¯',2,'com.ruoyi.project.system.controller.SysProfileController.updateProfile()','PUT',1,'admin',NULL,'/system/user/profile','127.0.0.1','å†…ç½‘IP','{\"roles\":[{\"flag\":false,\"roleId\":1,\"admin\":true,\"dataScope\":\"1\",\"params\":{},\"roleSort\":\"1\",\"roleKey\":\"admin\",\"roleName\":\"ç®¡ç†å‘˜\",\"status\":\"0\"}],\"phonenumber\":\"15888888888\",\"admin\":true,\"loginDate\":1521171180000,\"remark\":\"ç®¡ç†å‘˜\",\"delFlag\":\"0\",\"password\":\"$2a$10$7JB720yubVSZvUI0rEqK/.VqGOZTH.ulu33dHOiBE8ByOhJIrdAu2\",\"loginIp\":\"127.0.0.1\",\"email\":\"ry@163.com\",\"nickName\":\"è‹¥ä¾\",\"sex\":\"1\",\"deptId\":103,\"avatar\":\"\",\"dept\":{\"deptName\":\"ç ”å‘éƒ¨é—¨\",\"leader\":\"è‹¥ä¾\",\"deptId\":103,\"orderNum\":\"1\",\"params\":{},\"parentId\":101,\"children\":[],\"status\":\"0\"},\"params\":{},\"userName\":\"admin\",\"userId\":1,\"createBy\":\"admin\",\"createTime\":1521171180000,\"status\":\"0\"}','{\"msg\":\"æ“ä½œæˆåŠŸ\",\"code\":200}',0,NULL,'2020-04-01 02:56:32'),(155,'ç”¨æˆ·å¤´åƒ',2,'com.ruoyi.project.system.controller.SysProfileController.avatar()','POST',1,'admin',NULL,'/system/user/profile/avatar','127.0.0.1','å†…ç½‘IP','','null',1,'/Users/wanghuan/iCode/Java/uploads/avatar/2020/04/01/cab98ca2956e7f50dcdd7e70406feda6.jpeg','2020-04-01 02:56:43'),(156,'ç”¨æˆ·å¤´åƒ',2,'com.ruoyi.project.system.controller.SysProfileController.avatar()','POST',1,'admin',NULL,'/system/user/profile/avatar','127.0.0.1','å†…ç½‘IP','','null',1,'/Users/wanghuan/iCode/Java/uploads/avatar/2020/04/01/d848b2076622cee8bd2257e1bbbc1795.jpeg','2020-04-01 02:58:42'),(157,'ç”¨æˆ·å¤´åƒ',2,'com.ruoyi.project.system.controller.SysProfileController.avatar()','POST',1,'admin',NULL,'/system/user/profile/avatar','127.0.0.1','å†…ç½‘IP','','null',1,'/Users/wanghuan/iCode/Java/uploads/avatar/2020/04/01/88e65ba531c9749ef3600a13998021ef.jpeg','2020-04-01 03:02:05'),(158,'ç”¨æˆ·å¤´åƒ',2,'com.ruoyi.project.system.controller.SysProfileController.avatar()','POST',1,'admin',NULL,'/system/user/profile/avatar','127.0.0.1','å†…ç½‘IP','','{\"msg\":\"æ“ä½œæˆåŠŸ\",\"imgUrl\":\"/profile/avatar/2020/04/01/10bee1a5661a2c81f3817dd7e514ba5e.jpeg\",\"code\":200}',0,NULL,'2020-04-01 03:04:56'),(159,'å•†å“ç±»ç›®',2,'com.ruoyi.project.shop.controller.VCategoryController.edit()','PUT',1,'admin',NULL,'/shop/category','127.0.0.1','å†…ç½‘IP','{\"icon\":\"/profile/upload/2020/04/01/aade0913524b73107cf2e90357a61f00.jpg\",\"orderNum\":1,\"params\":{},\"parentId\":1,\"listStyle\":1,\"children\":[],\"name\":\"Tæ¤\",\"categoryId\":3,\"status\":1}','{\"msg\":\"æ“ä½œæˆåŠŸ\",\"code\":200}',0,NULL,'2020-04-01 03:10:57'),(160,'å•†å“ç±»ç›®',2,'com.ruoyi.project.shop.controller.VCategoryController.edit()','PUT',1,'admin',NULL,'/shop/category','127.0.0.1','å†…ç½‘IP','{\"icon\":\"/profile/upload/2020/04/01/aade0913524b73107cf2e90357a61f00.jpg\",\"orderNum\":1,\"params\":{},\"parentId\":1,\"listStyle\":1,\"children\":[],\"name\":\"Tæ¤\",\"categoryId\":3,\"status\":1}','{\"msg\":\"æ“ä½œæˆåŠŸ\",\"code\":200}',0,NULL,'2020-04-01 03:11:03'),(161,'å•†å“ç±»ç›®',2,'com.ruoyi.project.shop.controller.VCategoryController.edit()','PUT',1,'admin',NULL,'/shop/category','127.0.0.1','å†…ç½‘IP','{\"icon\":\"/profile/upload/2020/04/01/aade0913524b73107cf2e90357a61f00.jpg\",\"orderNum\":1,\"params\":{},\"parentId\":1,\"listStyle\":1,\"children\":[],\"name\":\"Tæ¤\",\"categoryId\":3,\"status\":1}','{\"msg\":\"æ“ä½œæˆåŠŸ\",\"code\":200}',0,NULL,'2020-04-01 03:11:06'),(162,'å•†å“ç±»ç›®',1,'com.ruoyi.project.shop.controller.VCategoryController.add()','POST',1,'admin',NULL,'/shop/category','127.0.0.1','å†…ç½‘IP','{\"icon\":\"/profile/upload/2020/04/01/375ed97a3945fc03a091288c8b70f6e8.jpg\",\"orderNum\":0,\"params\":{},\"parentId\":0,\"listStyle\":1,\"children\":[],\"name\":\"é£Ÿå“\",\"categoryId\":4,\"status\":1}','{\"msg\":\"æ“ä½œæˆåŠŸ\",\"code\":200}',0,NULL,'2020-04-01 03:13:53'),(163,'å•†å“ç±»ç›®',2,'com.ruoyi.project.shop.controller.VCategoryController.edit()','PUT',1,'admin',NULL,'/shop/category','127.0.0.1','å†…ç½‘IP','{\"icon\":\"/profile/upload/2020/04/01/375ed97a3945fc03a091288c8b70f6e8.jpg\",\"orderNum\":0,\"params\":{},\"parentId\":0,\"listStyle\":1,\"children\":[],\"name\":\"é£Ÿå“\",\"categoryId\":4,\"mark\":\"é£Ÿå“\",\"status\":1}','{\"msg\":\"æ“ä½œæˆåŠŸ\",\"code\":200}',0,NULL,'2020-04-01 03:34:00'),(164,'å•†å“ç±»ç›®',2,'com.ruoyi.project.shop.controller.VCategoryController.edit()','PUT',1,'admin',NULL,'/shop/category','127.0.0.1','å†…ç½‘IP','{\"orderNum\":0,\"params\":{},\"parentId\":0,\"listStyle\":1,\"children\":[],\"name\":\"æœè£…\",\"categoryId\":1,\"status\":-1}','{\"msg\":\"æ“ä½œæˆåŠŸ\",\"code\":200}',0,NULL,'2020-04-01 03:37:07'),(165,'å•†å“ç±»ç›®',2,'com.ruoyi.project.shop.controller.VCategoryController.edit()','PUT',1,'admin',NULL,'/shop/category','127.0.0.1','å†…ç½‘IP','{\"orderNum\":0,\"params\":{},\"parentId\":0,\"listStyle\":1,\"children\":[],\"name\":\"æœè£…\",\"categoryId\":1,\"status\":1}','{\"msg\":\"æ“ä½œæˆåŠŸ\",\"code\":200}',0,NULL,'2020-04-01 03:37:10'),(166,'å•†å“ç±»ç›®',2,'com.ruoyi.project.shop.controller.VCategoryController.edit()','PUT',1,'admin',NULL,'/shop/category','127.0.0.1','å†…ç½‘IP','{\"icon\":\"/profile/upload/2020/04/01/aade0913524b73107cf2e90357a61f00.jpg\",\"orderNum\":1,\"params\":{},\"parentId\":1,\"listStyle\":1,\"children\":[],\"name\":\"Tæ¤\",\"categoryId\":3,\"status\":-1}','{\"msg\":\"æ“ä½œæˆåŠŸ\",\"code\":200}',0,NULL,'2020-04-01 03:37:41'),(167,'å•†å“ç±»ç›®',2,'com.ruoyi.project.shop.controller.VCategoryController.edit()','PUT',1,'admin',NULL,'/shop/category','127.0.0.1','å†…ç½‘IP','{\"icon\":\"/profile/upload/2020/04/01/aade0913524b73107cf2e90357a61f00.jpg\",\"orderNum\":1,\"params\":{},\"parentId\":1,\"listStyle\":1,\"children\":[],\"name\":\"Tæ¤\",\"categoryId\":3,\"status\":1}','{\"msg\":\"æ“ä½œæˆåŠŸ\",\"code\":200}',0,NULL,'2020-04-01 03:37:45'),(168,'å•†å“ç±»ç›®',3,'com.ruoyi.project.shop.controller.VCategoryController.remove()','DELETE',1,'admin',NULL,'/shop/category/4','127.0.0.1','å†…ç½‘IP','{categoryIds=4}','{\"msg\":\"æ“ä½œæˆåŠŸ\",\"code\":200}',0,NULL,'2020-04-01 03:40:17'),(169,'å­—å…¸ç±»å‹',1,'com.ruoyi.project.system.controller.SysDictTypeController.add()','POST',1,'admin',NULL,'/system/dict/type','127.0.0.1','å†…ç½‘IP','{\"params\":{},\"dictType\":\"shop_list_style\",\"createBy\":\"admin\",\"dictName\":\"å•†å“ç±»ç›®åˆ—è¡¨æ ·å¼\",\"status\":\"0\"}','{\"msg\":\"æ“ä½œæˆåŠŸ\",\"code\":200}',0,NULL,'2020-04-01 05:31:40'),(170,'å­—å…¸æ•°æ®',1,'com.ruoyi.project.system.controller.SysDictDataController.add()','POST',1,'admin',NULL,'/system/dict/data','127.0.0.1','å†…ç½‘IP','{\"dictValue\":\"0\",\"dictSort\":0,\"params\":{},\"dictType\":\"shop_list_style\",\"dictLabel\":\"å¤§å›¾\",\"createBy\":\"admin\",\"default\":false,\"status\":\"0\"}','{\"msg\":\"æ“ä½œæˆåŠŸ\",\"code\":200}',0,NULL,'2020-04-01 05:32:03'),(171,'å­—å…¸æ•°æ®',1,'com.ruoyi.project.system.controller.SysDictDataController.add()','POST',1,'admin',NULL,'/system/dict/data','127.0.0.1','å†…ç½‘IP','{\"dictValue\":\"1\",\"dictSort\":0,\"params\":{},\"dictType\":\"shop_list_style\",\"dictLabel\":\"å°å›¾\",\"createBy\":\"admin\",\"default\":false,\"status\":\"0\"}','{\"msg\":\"æ“ä½œæˆåŠŸ\",\"code\":200}',0,NULL,'2020-04-01 05:34:09'),(172,'å­—å…¸æ•°æ®',1,'com.ruoyi.project.system.controller.SysDictDataController.add()','POST',1,'admin',NULL,'/system/dict/data','127.0.0.1','å†…ç½‘IP','{\"dictValue\":\"3\",\"dictSort\":0,\"params\":{},\"dictType\":\"shop_list_style\",\"dictLabel\":\"è¯¦ç»†åˆ—è¡¨\",\"createBy\":\"admin\",\"default\":false,\"status\":\"0\"}','{\"msg\":\"æ“ä½œæˆåŠŸ\",\"code\":200}',0,NULL,'2020-04-01 05:34:18'),(173,'å­—å…¸æ•°æ®',2,'com.ruoyi.project.system.controller.SysDictDataController.edit()','PUT',1,'admin',NULL,'/system/dict/data','127.0.0.1','å†…ç½‘IP','{\"dictValue\":\"2\",\"dictSort\":0,\"params\":{},\"dictType\":\"shop_list_style\",\"dictLabel\":\"è¯¦ç»†åˆ—è¡¨\",\"createBy\":\"admin\",\"default\":false,\"isDefault\":\"N\",\"createTime\":1585690458000,\"dictCode\":104,\"updateBy\":\"admin\",\"status\":\"0\"}','{\"msg\":\"æ“ä½œæˆåŠŸ\",\"code\":200}',0,NULL,'2020-04-01 05:34:22'),(174,'å­—å…¸æ•°æ®',2,'com.ruoyi.project.system.controller.SysDictDataController.edit()','PUT',1,'admin',NULL,'/system/dict/data','127.0.0.1','å†…ç½‘IP','{\"dictValue\":\"0\",\"dictSort\":0,\"params\":{},\"dictType\":\"shop_list_style\",\"dictLabel\":\"è¯¦ç»†åˆ—è¡¨\",\"createBy\":\"admin\",\"default\":false,\"isDefault\":\"N\",\"createTime\":1585690458000,\"dictCode\":104,\"updateBy\":\"admin\",\"status\":\"0\"}','{\"msg\":\"æ“ä½œæˆåŠŸ\",\"code\":200}',0,NULL,'2020-04-01 05:34:29'),(175,'å­—å…¸æ•°æ®',2,'com.ruoyi.project.system.controller.SysDictDataController.edit()','PUT',1,'admin',NULL,'/system/dict/data','127.0.0.1','å†…ç½‘IP','{\"dictValue\":\"3\",\"dictSort\":3,\"params\":{},\"dictType\":\"shop_list_style\",\"dictLabel\":\"å¤§å›¾\",\"createBy\":\"admin\",\"default\":false,\"isDefault\":\"N\",\"createTime\":1585690323000,\"dictCode\":102,\"updateBy\":\"admin\",\"status\":\"0\"}','{\"msg\":\"æ“ä½œæˆåŠŸ\",\"code\":200}',0,NULL,'2020-04-01 05:34:34'),(176,'å­—å…¸æ•°æ®',2,'com.ruoyi.project.system.controller.SysDictDataController.edit()','PUT',1,'admin',NULL,'/system/dict/data','127.0.0.1','å†…ç½‘IP','{\"dictValue\":\"0\",\"dictSort\":3,\"params\":{},\"dictType\":\"shop_list_style\",\"dictLabel\":\"è¯¦ç»†åˆ—è¡¨\",\"createBy\":\"admin\",\"default\":false,\"isDefault\":\"N\",\"createTime\":1585690458000,\"dictCode\":104,\"updateBy\":\"admin\",\"status\":\"0\"}','{\"msg\":\"æ“ä½œæˆåŠŸ\",\"code\":200}',0,NULL,'2020-04-01 05:34:41'),(177,'å­—å…¸æ•°æ®',2,'com.ruoyi.project.system.controller.SysDictDataController.edit()','PUT',1,'admin',NULL,'/system/dict/data','127.0.0.1','å†…ç½‘IP','{\"dictValue\":\"1\",\"dictSort\":1,\"params\":{},\"dictType\":\"shop_list_style\",\"dictLabel\":\"å°å›¾\",\"createBy\":\"admin\",\"default\":false,\"isDefault\":\"N\",\"createTime\":1585690449000,\"dictCode\":103,\"updateBy\":\"admin\",\"status\":\"0\"}','{\"msg\":\"æ“ä½œæˆåŠŸ\",\"code\":200}',0,NULL,'2020-04-01 05:34:51'),(178,'å­—å…¸æ•°æ®',2,'com.ruoyi.project.system.controller.SysDictDataController.edit()','PUT',1,'admin',NULL,'/system/dict/data','127.0.0.1','å†…ç½‘IP','{\"dictValue\":\"3\",\"dictSort\":0,\"params\":{},\"dictType\":\"shop_list_style\",\"dictLabel\":\"å¤§å›¾\",\"createBy\":\"admin\",\"default\":false,\"isDefault\":\"N\",\"createTime\":1585690323000,\"dictCode\":102,\"updateBy\":\"admin\",\"status\":\"0\"}','{\"msg\":\"æ“ä½œæˆåŠŸ\",\"code\":200}',0,NULL,'2020-04-01 05:35:04'),(179,'å­—å…¸æ•°æ®',2,'com.ruoyi.project.system.controller.SysDictDataController.edit()','PUT',1,'admin',NULL,'/system/dict/data','127.0.0.1','å†…ç½‘IP','{\"dictValue\":\"2\",\"dictSort\":2,\"params\":{},\"dictType\":\"shop_list_style\",\"dictLabel\":\"å¤§å›¾\",\"createBy\":\"admin\",\"default\":false,\"isDefault\":\"N\",\"createTime\":1585690323000,\"dictCode\":102,\"updateBy\":\"admin\",\"status\":\"0\"}','{\"msg\":\"æ“ä½œæˆåŠŸ\",\"code\":200}',0,NULL,'2020-04-01 05:35:17'),(180,'å­—å…¸æ•°æ®',2,'com.ruoyi.project.system.controller.SysDictDataController.edit()','PUT',1,'admin',NULL,'/system/dict/data','127.0.0.1','å†…ç½‘IP','{\"dictValue\":\"0\",\"dictSort\":0,\"params\":{},\"dictType\":\"shop_list_style\",\"dictLabel\":\"è¯¦ç»†åˆ—è¡¨\",\"createBy\":\"admin\",\"default\":false,\"isDefault\":\"N\",\"createTime\":1585690458000,\"dictCode\":104,\"updateBy\":\"admin\",\"status\":\"0\"}','{\"msg\":\"æ“ä½œæˆåŠŸ\",\"code\":200}',0,NULL,'2020-04-01 05:35:30'),(181,'å­—å…¸æ•°æ®',2,'com.ruoyi.project.system.controller.SysDictDataController.edit()','PUT',1,'admin',NULL,'/system/dict/data','127.0.0.1','å†…ç½‘IP','{\"dictValue\":\"0\",\"dictSort\":0,\"params\":{},\"dictType\":\"shop_list_style\",\"dictLabel\":\"è¯¦ç»†åˆ—è¡¨\",\"createBy\":\"admin\",\"default\":false,\"isDefault\":\"N\",\"createTime\":1585690458000,\"dictCode\":104,\"updateBy\":\"admin\",\"status\":\"0\"}','{\"msg\":\"æ“ä½œæˆåŠŸ\",\"code\":200}',0,NULL,'2020-04-01 05:35:37'),(182,'å•†å“ç±»ç›®',2,'com.ruoyi.project.shop.controller.VCategoryController.edit()','PUT',1,'admin',NULL,'/shop/category','127.0.0.1','å†…ç½‘IP','{\"icon\":\"/profile/upload/2020/04/01/aade0913524b73107cf2e90357a61f00.jpg\",\"orderNum\":1,\"params\":{},\"parentId\":1,\"listStyle\":0,\"children\":[],\"name\":\"Tæ¤\",\"categoryId\":3,\"status\":1}','{\"msg\":\"æ“ä½œæˆåŠŸ\",\"code\":200}',0,NULL,'2020-04-01 05:40:45'),(183,'å•†å“ç±»ç›®',2,'com.ruoyi.project.shop.controller.VCategoryController.edit()','PUT',1,'admin',NULL,'/shop/category','127.0.0.1','å†…ç½‘IP','{\"icon\":\"/profile/upload/2020/04/01/aade0913524b73107cf2e90357a61f00.jpg\",\"orderNum\":1,\"params\":{},\"parentId\":1,\"listStyle\":1,\"children\":[],\"name\":\"Tæ¤\",\"categoryId\":3,\"status\":1}','{\"msg\":\"æ“ä½œæˆåŠŸ\",\"code\":200}',0,NULL,'2020-04-01 05:40:48'),(184,'å•†å“ç±»ç›®',2,'com.ruoyi.project.shop.controller.VCategoryController.edit()','PUT',1,'admin',NULL,'/shop/category','127.0.0.1','å†…ç½‘IP','{\"icon\":\"/profile/upload/2020/04/01/aade0913524b73107cf2e90357a61f00.jpg\",\"orderNum\":1,\"params\":{},\"parentId\":1,\"listStyle\":2,\"children\":[],\"name\":\"Tæ¤\",\"categoryId\":3,\"status\":1}','{\"msg\":\"æ“ä½œæˆåŠŸ\",\"code\":200}',0,NULL,'2020-04-01 05:40:51'),(185,'å•†å“ç±»ç›®',2,'com.ruoyi.project.shop.controller.VCategoryController.edit()','PUT',1,'admin',NULL,'/shop/category','127.0.0.1','å†…ç½‘IP','{\"icon\":\"/profile/upload/2020/04/01/aade0913524b73107cf2e90357a61f00.jpg\",\"orderNum\":1,\"params\":{},\"parentId\":1,\"listStyle\":0,\"children\":[],\"name\":\"Tæ¤\",\"categoryId\":3,\"status\":1}','{\"msg\":\"æ“ä½œæˆåŠŸ\",\"code\":200}',0,NULL,'2020-04-01 05:40:54'),(186,'å•†å“ç±»ç›®',2,'com.ruoyi.project.shop.controller.VCategoryController.edit()','PUT',1,'admin',NULL,'/shop/category','127.0.0.1','å†…ç½‘IP','{\"icon\":\"/profile/upload/2020/04/01/aade0913524b73107cf2e90357a61f00.jpg\",\"orderNum\":1,\"params\":{},\"parentId\":1,\"listStyle\":1,\"children\":[],\"name\":\"Tæ¤\",\"categoryId\":3,\"status\":1}','{\"msg\":\"æ“ä½œæˆåŠŸ\",\"code\":200}',0,NULL,'2020-04-01 05:40:57'),(187,'å•†å“ç±»ç›®',2,'com.ruoyi.project.shop.controller.VCategoryController.edit()','PUT',1,'admin',NULL,'/shop/category','127.0.0.1','å†…ç½‘IP','{\"icon\":\"/profile/upload/2020/04/01/aade0913524b73107cf2e90357a61f00.jpg\",\"orderNum\":1,\"params\":{},\"parentId\":1,\"listStyle\":2,\"children\":[],\"name\":\"Tæ¤\",\"categoryId\":3,\"status\":1}','{\"msg\":\"æ“ä½œæˆåŠŸ\",\"code\":200}',0,NULL,'2020-04-01 05:40:59'),(188,'å•†å“ç±»ç›®',2,'com.ruoyi.project.shop.controller.VCategoryController.edit()','PUT',1,'admin',NULL,'/shop/category','127.0.0.1','å†…ç½‘IP','{\"icon\":\"/profile/upload/2020/04/01/aade0913524b73107cf2e90357a61f00.jpg\",\"orderNum\":1,\"params\":{},\"parentId\":1,\"listStyle\":0,\"children\":[],\"name\":\"Tæ¤\",\"categoryId\":3,\"status\":1}','{\"msg\":\"æ“ä½œæˆåŠŸ\",\"code\":200}',0,NULL,'2020-04-01 05:41:02'),(189,'å•†å“ç±»ç›®',2,'com.ruoyi.project.shop.controller.VCategoryController.edit()','PUT',1,'admin',NULL,'/shop/category','127.0.0.1','å†…ç½‘IP','{\"orderNum\":0,\"params\":{},\"parentId\":0,\"listStyle\":1,\"children\":[],\"name\":\"æœè£…\",\"categoryId\":1,\"status\":1}','{\"msg\":\"æ“ä½œæˆåŠŸ\",\"code\":200}',0,NULL,'2020-04-01 05:41:05'),(190,'å•†å“ç±»ç›®',2,'com.ruoyi.project.shop.controller.VCategoryController.edit()','PUT',1,'admin',NULL,'/shop/category','127.0.0.1','å†…ç½‘IP','{\"orderNum\":0,\"params\":{},\"parentId\":0,\"listStyle\":0,\"children\":[],\"name\":\"æœè£…\",\"categoryId\":1,\"status\":1}','{\"msg\":\"æ“ä½œæˆåŠŸ\",\"code\":200}',0,NULL,'2020-04-01 05:41:07'),(191,'å•†å“ç±»ç›®',2,'com.ruoyi.project.shop.controller.VCategoryController.edit()','PUT',1,'admin',NULL,'/shop/category','127.0.0.1','å†…ç½‘IP','{\"orderNum\":0,\"params\":{},\"parentId\":0,\"listStyle\":2,\"children\":[],\"name\":\"æœè£…\",\"categoryId\":1,\"status\":1}','{\"msg\":\"æ“ä½œæˆåŠŸ\",\"code\":200}',0,NULL,'2020-04-01 05:41:10'),(192,'å­—å…¸æ•°æ®',2,'com.ruoyi.project.system.controller.SysDictDataController.edit()','PUT',1,'admin',NULL,'/system/dict/data','127.0.0.1','å†…ç½‘IP','{\"dictValue\":\"0\",\"dictSort\":1,\"params\":{},\"dictType\":\"shop_list_style\",\"dictLabel\":\"è¯¦ç»†åˆ—è¡¨\",\"createBy\":\"admin\",\"default\":false,\"isDefault\":\"N\",\"createTime\":1585690458000,\"dictCode\":104,\"updateBy\":\"admin\",\"status\":\"0\"}','{\"msg\":\"æ“ä½œæˆåŠŸ\",\"code\":200}',0,NULL,'2020-04-01 05:44:10'),(193,'å­—å…¸æ•°æ®',2,'com.ruoyi.project.system.controller.SysDictDataController.edit()','PUT',1,'admin',NULL,'/system/dict/data','127.0.0.1','å†…ç½‘IP','{\"dictValue\":\"1\",\"dictSort\":2,\"params\":{},\"dictType\":\"shop_list_style\",\"dictLabel\":\"å°å›¾\",\"createBy\":\"admin\",\"default\":false,\"isDefault\":\"N\",\"createTime\":1585690449000,\"dictCode\":103,\"updateBy\":\"admin\",\"status\":\"0\"}','{\"msg\":\"æ“ä½œæˆåŠŸ\",\"code\":200}',0,NULL,'2020-04-01 05:44:13'),(194,'å­—å…¸æ•°æ®',2,'com.ruoyi.project.system.controller.SysDictDataController.edit()','PUT',1,'admin',NULL,'/system/dict/data','127.0.0.1','å†…ç½‘IP','{\"dictValue\":\"3\",\"dictSort\":2,\"params\":{},\"dictType\":\"shop_list_style\",\"dictLabel\":\"å¤§å›¾\",\"createBy\":\"admin\",\"default\":false,\"isDefault\":\"N\",\"createTime\":1585690323000,\"dictCode\":102,\"updateBy\":\"admin\",\"status\":\"0\"}','{\"msg\":\"æ“ä½œæˆåŠŸ\",\"code\":200}',0,NULL,'2020-04-01 05:44:16'),(195,'å­—å…¸æ•°æ®',2,'com.ruoyi.project.system.controller.SysDictDataController.edit()','PUT',1,'admin',NULL,'/system/dict/data','127.0.0.1','å†…ç½‘IP','{\"dictValue\":\"3\",\"dictSort\":3,\"params\":{},\"dictType\":\"shop_list_style\",\"dictLabel\":\"å¤§å›¾\",\"createBy\":\"admin\",\"default\":false,\"isDefault\":\"N\",\"createTime\":1585690323000,\"dictCode\":102,\"updateBy\":\"admin\",\"status\":\"0\"}','{\"msg\":\"æ“ä½œæˆåŠŸ\",\"code\":200}',0,NULL,'2020-04-01 05:44:21'),(196,'å­—å…¸æ•°æ®',2,'com.ruoyi.project.system.controller.SysDictDataController.edit()','PUT',1,'admin',NULL,'/system/dict/data','127.0.0.1','å†…ç½‘IP','{\"dictValue\":\"2\",\"dictSort\":3,\"params\":{},\"dictType\":\"shop_list_style\",\"dictLabel\":\"å¤§å›¾\",\"createBy\":\"admin\",\"default\":false,\"isDefault\":\"N\",\"createTime\":1585690323000,\"dictCode\":102,\"updateBy\":\"admin\",\"status\":\"0\"}','{\"msg\":\"æ“ä½œæˆåŠŸ\",\"code\":200}',0,NULL,'2020-04-01 05:44:28'),(197,'å•†å“ç±»ç›®',2,'com.ruoyi.project.shop.controller.VCategoryController.edit()','PUT',1,'admin',NULL,'/shop/category','127.0.0.1','å†…ç½‘IP','{\"icon\":\"/profile/upload/2020/04/01/aade0913524b73107cf2e90357a61f00.jpg\",\"orderNum\":1,\"params\":{},\"parentId\":1,\"listStyle\":0,\"children\":[],\"name\":\"Tæ¤\",\"categoryId\":3,\"status\":1}','{\"msg\":\"æ“ä½œæˆåŠŸ\",\"code\":200}',0,NULL,'2020-04-01 05:44:37'),(198,'å•†å“ç±»ç›®',2,'com.ruoyi.project.shop.controller.VCategoryController.edit()','PUT',1,'admin',NULL,'/shop/category','127.0.0.1','å†…ç½‘IP','{\"orderNum\":0,\"params\":{},\"parentId\":0,\"listStyle\":1,\"children\":[],\"name\":\"æœè£…\",\"categoryId\":1,\"status\":1}','{\"msg\":\"æ“ä½œæˆåŠŸ\",\"code\":200}',0,NULL,'2020-04-01 05:44:39'),(199,'å•†å“ç±»ç›®',2,'com.ruoyi.project.shop.controller.VCategoryController.edit()','PUT',1,'admin',NULL,'/shop/category','127.0.0.1','å†…ç½‘IP','{\"icon\":\"/profile/upload/2020/04/01/aade0913524b73107cf2e90357a61f00.jpg\",\"orderNum\":1,\"params\":{},\"parentId\":1,\"listStyle\":1,\"children\":[],\"name\":\"Tæ¤\",\"categoryId\":3,\"status\":1}','{\"msg\":\"æ“ä½œæˆåŠŸ\",\"code\":200}',0,NULL,'2020-04-01 05:50:05'),(200,'å•†å“ç±»ç›®',2,'com.ruoyi.project.shop.controller.VCategoryController.edit()','PUT',1,'admin',NULL,'/shop/category','127.0.0.1','å†…ç½‘IP','{\"icon\":\"/profile/upload/2020/04/01/aade0913524b73107cf2e90357a61f00.jpg\",\"orderNum\":1,\"params\":{},\"parentId\":1,\"listStyle\":2,\"children\":[],\"name\":\"Tæ¤\",\"categoryId\":3,\"status\":1}','{\"msg\":\"æ“ä½œæˆåŠŸ\",\"code\":200}',0,NULL,'2020-04-01 05:50:07'),(201,'å•†å“ç±»ç›®',2,'com.ruoyi.project.shop.controller.VCategoryController.edit()','PUT',1,'admin',NULL,'/shop/category','127.0.0.1','å†…ç½‘IP','{\"orderNum\":0,\"params\":{},\"parentId\":0,\"listStyle\":0,\"children\":[],\"name\":\"æœè£…\",\"categoryId\":1,\"status\":1}','{\"msg\":\"æ“ä½œæˆåŠŸ\",\"code\":200}',0,NULL,'2020-04-01 05:51:01'),(202,'èœå•ç®¡ç†',2,'com.ruoyi.project.system.controller.SysMenuController.edit()','PUT',1,'admin',NULL,'/system/menu','127.0.0.1','å†…ç½‘IP','{\"visible\":\"0\",\"icon\":\"guide\",\"orderNum\":\"4\",\"menuName\":\"å®˜ç½‘\",\"params\":{},\"parentId\":0,\"path\":\"http://ruoyi.vip\",\"children\":[],\"createTime\":1521171180000,\"updateBy\":\"admin\",\"isFrame\":\"0\",\"menuId\":4,\"menuType\":\"M\",\"perms\":\"\"}','{\"msg\":\"æ“ä½œæˆåŠŸ\",\"code\":200}',0,NULL,'2020-04-01 05:57:36'),(203,'èœå•ç®¡ç†',2,'com.ruoyi.project.system.controller.SysMenuController.edit()','PUT',1,'admin',NULL,'/system/menu','127.0.0.1','å†…ç½‘IP','{\"visible\":\"1\",\"icon\":\"guide\",\"orderNum\":\"4\",\"menuName\":\"å®˜ç½‘\",\"params\":{},\"parentId\":0,\"path\":\"http://ruoyi.vip\",\"children\":[],\"createTime\":1521171180000,\"updateBy\":\"admin\",\"isFrame\":\"0\",\"menuId\":4,\"menuType\":\"M\",\"perms\":\"\"}','{\"msg\":\"æ“ä½œæˆåŠŸ\",\"code\":200}',0,NULL,'2020-04-01 05:57:49'),(204,'èœå•ç®¡ç†',1,'com.ruoyi.project.system.controller.SysMenuController.add()','POST',1,'admin',NULL,'/system/menu','127.0.0.1','å†…ç½‘IP','{\"visible\":\"0\",\"icon\":\"shopping\",\"orderNum\":\"0\",\"menuName\":\"å•†å“ç®¡ç†\",\"params\":{},\"parentId\":0,\"path\":\"shop\",\"createBy\":\"admin\",\"children\":[],\"isFrame\":\"1\",\"menuType\":\"M\"}','{\"msg\":\"æ“ä½œæˆåŠŸ\",\"code\":200}',0,NULL,'2020-04-01 05:59:31'),(205,'èœå•ç®¡ç†',2,'com.ruoyi.project.system.controller.SysMenuController.edit()','PUT',1,'admin',NULL,'/system/menu','127.0.0.1','å†…ç½‘IP','{\"visible\":\"0\",\"icon\":\"#\",\"orderNum\":\"1\",\"menuName\":\"å•†å“ç±»ç›®\",\"params\":{},\"parentId\":2006,\"path\":\"category\",\"component\":\"shop/category/index\",\"children\":[],\"createTime\":1519833600000,\"updateBy\":\"admin\",\"isFrame\":\"1\",\"menuId\":2000,\"menuType\":\"C\",\"perms\":\"shop:category:list\"}','{\"msg\":\"æ“ä½œæˆåŠŸ\",\"code\":200}',0,NULL,'2020-04-01 05:59:50'),(206,'å‚æ•°ç®¡ç†',2,'com.ruoyi.project.system.controller.SysConfigController.edit()','PUT',1,'admin',NULL,'/system/config','127.0.0.1','å†…ç½‘IP','{\"configName\":\"ä¸»æ¡†æ¶é¡µ-é»˜è®¤çš®è‚¤æ ·å¼åç§°\",\"remark\":\"è“è‰² skin-blueã€ç»¿è‰² skin-greenã€ç´«è‰² skin-purpleã€çº¢è‰² skin-redã€é»„è‰² skin-yellow\",\"updateTime\":1521171180000,\"configType\":\"Y\",\"configValue\":\"skin-yellow\",\"params\":{},\"configKey\":\"sys.index.skinName\",\"createBy\":\"admin\",\"createTime\":1521171180000,\"updateBy\":\"admin\",\"configId\":1}','{\"msg\":\"æ“ä½œæˆåŠŸ\",\"code\":200}',0,NULL,'2020-04-01 06:01:16'),(207,'å‚æ•°ç®¡ç†',2,'com.ruoyi.project.system.controller.SysConfigController.edit()','PUT',1,'admin',NULL,'/system/config','127.0.0.1','å†…ç½‘IP','{\"configName\":\"ä¸»æ¡†æ¶é¡µ-ä¾§è¾¹æ ä¸»é¢˜\",\"remark\":\"æ·±è‰²ä¸»é¢˜theme-darkï¼Œæµ…è‰²ä¸»é¢˜theme-light\",\"updateTime\":1521171180000,\"configType\":\"Y\",\"configValue\":\"theme-light\",\"params\":{},\"configKey\":\"sys.index.sideTheme\",\"createBy\":\"admin\",\"createTime\":1521171180000,\"updateBy\":\"admin\",\"configId\":3}','{\"msg\":\"æ“ä½œæˆåŠŸ\",\"code\":200}',0,NULL,'2020-04-01 06:01:32'),(208,'å‚æ•°ç®¡ç†',2,'com.ruoyi.project.system.controller.SysConfigController.edit()','PUT',1,'admin',NULL,'/system/config','127.0.0.1','å†…ç½‘IP','{\"configName\":\"ä¸»æ¡†æ¶é¡µ-ä¾§è¾¹æ ä¸»é¢˜\",\"remark\":\"æ·±è‰²ä¸»é¢˜theme-darkï¼Œæµ…è‰²ä¸»é¢˜theme-light\",\"updateTime\":1585692092000,\"configType\":\"Y\",\"configValue\":\"theme-dark\",\"params\":{},\"configKey\":\"sys.index.sideTheme\",\"createBy\":\"admin\",\"createTime\":1521171180000,\"updateBy\":\"admin\",\"configId\":3}','{\"msg\":\"æ“ä½œæˆåŠŸ\",\"code\":200}',0,NULL,'2020-04-01 06:01:47'),(209,'å‚æ•°ç®¡ç†',2,'com.ruoyi.project.system.controller.SysConfigController.edit()','PUT',1,'admin',NULL,'/system/config','127.0.0.1','å†…ç½‘IP','{\"configName\":\"ä¸»æ¡†æ¶é¡µ-ä¾§è¾¹æ ä¸»é¢˜\",\"remark\":\"æ·±è‰²ä¸»é¢˜theme-darkï¼Œæµ…è‰²ä¸»é¢˜theme-light\",\"updateTime\":1585692107000,\"configType\":\"Y\",\"configValue\":\"theme-light\",\"params\":{},\"configKey\":\"sys.index.sideTheme\",\"createBy\":\"admin\",\"createTime\":1521171180000,\"updateBy\":\"admin\",\"configId\":3}','{\"msg\":\"æ“ä½œæˆåŠŸ\",\"code\":200}',0,NULL,'2020-04-01 06:01:58'),(210,'å•†å“ç±»ç›®',2,'com.ruoyi.project.shop.controller.VCategoryController.edit()','PUT',1,'admin',NULL,'/shop/category','127.0.0.1','å†…ç½‘IP','{\"icon\":\"/profile/upload/2020/04/01/aade0913524b73107cf2e90357a61f00.jpg\",\"orderNum\":2147483647,\"params\":{},\"parentId\":1,\"listStyle\":2,\"children\":[],\"name\":\"Tæ¤\",\"categoryId\":3,\"status\":1}','{\"msg\":\"æ“ä½œæˆåŠŸ\",\"code\":200}',0,NULL,'2020-04-01 06:24:50'),(211,'å•†å“ç±»ç›®',2,'com.ruoyi.project.shop.controller.VCategoryController.edit()','PUT',1,'admin',NULL,'/shop/category','127.0.0.1','å†…ç½‘IP','{\"icon\":\"/profile/upload/2020/04/01/aade0913524b73107cf2e90357a61f00.jpg\",\"orderNum\":2147483647,\"params\":{},\"parentId\":1,\"listStyle\":2,\"children\":[],\"name\":\"Tæ¤\",\"categoryId\":3,\"status\":1}','{\"msg\":\"æ“ä½œæˆåŠŸ\",\"code\":200}',0,NULL,'2020-04-01 06:24:54'),(212,'å•†å“ç±»ç›®',2,'com.ruoyi.project.shop.controller.VCategoryController.edit()','PUT',1,'admin',NULL,'/shop/category','127.0.0.1','å†…ç½‘IP','{\"icon\":\"/profile/upload/2020/04/01/aade0913524b73107cf2e90357a61f00.jpg\",\"orderNum\":1,\"params\":{},\"parentId\":1,\"listStyle\":2,\"children\":[],\"name\":\"Tæ¤\",\"categoryId\":3,\"status\":1}','{\"msg\":\"æ“ä½œæˆåŠŸ\",\"code\":200}',0,NULL,'2020-04-01 06:25:01'),(213,'å•†å“ç±»ç›®',2,'com.ruoyi.project.shop.controller.VCategoryController.edit()','PUT',1,'admin',NULL,'/shop/category','127.0.0.1','å†…ç½‘IP','{\"icon\":\"/profile/upload/2020/04/01/aade0913524b73107cf2e90357a61f00.jpg\",\"orderNum\":1,\"params\":{},\"parentId\":1,\"listStyle\":2,\"children\":[],\"name\":\"Tæ¤\",\"categoryId\":3,\"status\":1}','{\"msg\":\"æ“ä½œæˆåŠŸ\",\"code\":200}',0,NULL,'2020-04-01 06:25:22'),(214,'å•†å“ç±»ç›®',2,'com.ruoyi.project.shop.controller.VCategoryController.edit()','PUT',1,'admin',NULL,'/shop/category','127.0.0.1','å†…ç½‘IP','{\"icon\":\"/profile/upload/2020/04/01/aade0913524b73107cf2e90357a61f00.jpg\",\"orderNum\":1,\"params\":{},\"parentId\":1,\"listStyle\":0,\"children\":[],\"name\":\"Tæ¤\",\"categoryId\":3,\"status\":1}','{\"msg\":\"æ“ä½œæˆåŠŸ\",\"code\":200}',0,NULL,'2020-04-01 06:25:26'),(215,'å•†å“ç±»ç›®',2,'com.ruoyi.project.shop.controller.VCategoryController.edit()','PUT',1,'admin',NULL,'/shop/category','127.0.0.1','å†…ç½‘IP','{\"icon\":\"/profile/upload/2020/04/01/aade0913524b73107cf2e90357a61f00.jpg\",\"orderNum\":1,\"params\":{},\"parentId\":1,\"listStyle\":1,\"children\":[],\"name\":\"Tæ¤\",\"categoryId\":3,\"status\":1}','{\"msg\":\"æ“ä½œæˆåŠŸ\",\"code\":200}',0,NULL,'2020-04-01 06:25:28'),(216,'å•†å“ç±»ç›®',2,'com.ruoyi.project.shop.controller.VCategoryController.edit()','PUT',1,'admin',NULL,'/shop/category','127.0.0.1','å†…ç½‘IP','{\"icon\":\"/profile/upload/2020/04/01/aade0913524b73107cf2e90357a61f00.jpg\",\"orderNum\":1,\"params\":{},\"parentId\":1,\"listStyle\":1,\"children\":[],\"name\":\"æ¤æ¤æ¤æ¤æ¤æ¤æ¤æ¤æ¤æ¤æ¤æ¤æ¤æ¤æ¤æ¤æ¤æ¤æ¤æ¤æ¤æ¤æ¤æ¤æ¤æ¤æ¤æ¤æ¤æ¤æ¤æ¤æ¤æ¤æ¤æ¤æ¤æ¤æ¤æ¤\",\"categoryId\":3,\"status\":1}','{\"msg\":\"æ“ä½œæˆåŠŸ\",\"code\":200}',0,NULL,'2020-04-01 06:27:37'),(217,'å•†å“ç±»ç›®',2,'com.ruoyi.project.shop.controller.VCategoryController.edit()','PUT',1,'admin',NULL,'/shop/category','127.0.0.1','å†…ç½‘IP','{\"icon\":\"/profile/upload/2020/04/01/aade0913524b73107cf2e90357a61f00.jpg\",\"orderNum\":1,\"params\":{},\"parentId\":1,\"listStyle\":1,\"children\":[],\"name\":\"æ¤æ¤æ¤æ¤æ¤æ¤æ¤æ¤æ¤æ¤æ¤æ¤æ¤æ¤æ¤æ¤æ¤æ¤æ¤æ¤æ¤æ¤æ¤æ¤æ¤æ¤æ¤æ¤æ¤æ¤æ¤æ¤æ¤æ¤æ¤æ¤æ¤æ¤æ¤æ¤æ¤æ¤æ¤æ¤æ¤æ¤æ¤æ¤æ¤æ¤\",\"categoryId\":3,\"status\":1}','{\"msg\":\"æ“ä½œæˆåŠŸ\",\"code\":200}',0,NULL,'2020-04-01 06:27:47'),(218,'å•†å“ç±»ç›®',2,'com.ruoyi.project.shop.controller.VCategoryController.edit()','PUT',1,'admin',NULL,'/shop/category','127.0.0.1','å†…ç½‘IP','{\"icon\":\"/profile/upload/2020/04/01/aade0913524b73107cf2e90357a61f00.jpg\",\"orderNum\":1,\"params\":{},\"parentId\":1,\"listStyle\":1,\"children\":[],\"name\":\"æ¤æ¤æ¤æ¤æ¤æ¤æ¤æ¤æ¤æ¤æ¤æ¤æ¤æ¤æ¤æ¤æ¤æ¤æ¤æ¤æ¤æ¤æ¤æ¤æ¤æ¤æ¤æ¤æ¤æ¤æ¤æ¤æ¤æ¤æ¤æ¤æ¤æ¤æ¤æ¤æ¤æ¤æ¤æ¤æ¤æ¤æ¤æ¤æ¤æ¤æ¤æ¤æ¤æ¤æ¤æ¤æ¤æ¤æ¤æ¤\",\"categoryId\":3,\"status\":1}','{\"msg\":\"æ“ä½œæˆåŠŸ\",\"code\":200}',0,NULL,'2020-04-01 06:27:51'),(219,'å•†å“ç±»ç›®',2,'com.ruoyi.project.shop.controller.VCategoryController.edit()','PUT',1,'admin',NULL,'/shop/category','127.0.0.1','å†…ç½‘IP','{\"icon\":\"/profile/upload/2020/04/01/aade0913524b73107cf2e90357a61f00.jpg\",\"orderNum\":1,\"params\":{},\"parentId\":1,\"listStyle\":1,\"children\":[],\"name\":\"æ¤æ¤æ¤æ¤æ¤æ¤æ¤æ¤æ¤æ¤æ¤æ¤æ¤æ¤æ¤æ¤æ¤æ¤æ¤æ¤æ¤æ¤æ¤æ¤æ¤æ¤æ¤æ¤æ¤æ¤æ¤æ¤æ¤æ¤æ¤æ¤æ¤æ¤æ¤æ¤æ¤æ¤æ¤æ¤æ¤æ¤æ¤æ¤æ¤æ¤æ¤æ¤æ¤æ¤æ¤æ¤æ¤æ¤æ¤æ¤æ¤æ¤æ¤æ¤æ¤æ¤æ¤æ¤æ¤æ¤\",\"categoryId\":3,\"status\":1}','{\"msg\":\"æ“ä½œæˆåŠŸ\",\"code\":200}',0,NULL,'2020-04-01 06:27:54'),(220,'å•†å“ç±»ç›®',2,'com.ruoyi.project.shop.controller.VCategoryController.edit()','PUT',1,'admin',NULL,'/shop/category','127.0.0.1','å†…ç½‘IP','{\"icon\":\"/profile/upload/2020/04/01/aade0913524b73107cf2e90357a61f00.jpg\",\"orderNum\":1,\"params\":{},\"parentId\":1,\"listStyle\":1,\"children\":[],\"name\":\"æ¤æ¤æ¤æ¤æ¤æ¤æ¤æ¤æ¤æ¤æ¤æ¤æ¤æ¤æ¤æ¤æ¤æ¤æ¤æ¤æ¤æ¤æ¤æ¤æ¤æ¤æ¤æ¤æ¤æ¤æ¤æ¤æ¤æ¤æ¤æ¤æ¤æ¤æ¤æ¤æ¤æ¤æ¤æ¤æ¤æ¤æ¤æ¤æ¤æ¤æ¤æ¤æ¤æ¤æ¤æ¤æ¤æ¤æ¤æ¤æ¤æ¤æ¤æ¤æ¤æ¤æ¤æ¤æ¤æ¤æ¤æ¤æ¤æ¤æ¤æ¤æ¤æ¤æ¤æ¤æ¤æ¤æ¤æ¤æ¤æ¤æ¤æ¤æ¤æ¤æ¤æ¤æ¤æ¤æ¤æ¤æ¤æ¤æ¤æ¤\",\"categoryId\":3,\"status\":1}','{\"msg\":\"æ“ä½œæˆåŠŸ\",\"code\":200}',0,NULL,'2020-04-01 06:27:58'),(221,'å•†å“ç±»ç›®',2,'com.ruoyi.project.shop.controller.VCategoryController.edit()','PUT',1,'admin',NULL,'/shop/category','127.0.0.1','å†…ç½‘IP','{\"icon\":\"/profile/upload/2020/04/01/aade0913524b73107cf2e90357a61f00.jpg\",\"orderNum\":1,\"params\":{},\"parentId\":1,\"listStyle\":1,\"children\":[],\"name\":\"æ¤æ¤æ¤æ¤æ¤æ¤æ¤æ¤æ¤æ¤æ¤æ¤æ¤æ¤æ¤æ¤æ¤æ¤æ¤æ¤æ¤æ¤æ¤æ¤æ¤æ¤æ¤æ¤æ¤æ¤æ¤æ¤æ¤æ¤æ¤æ¤æ¤æ¤æ¤æ¤æ¤æ¤æ¤æ¤æ¤æ¤æ¤æ¤æ¤æ¤æ¤æ¤æ¤æ¤æ¤æ¤æ¤æ¤æ¤æ¤æ¤æ¤æ¤æ¤æ¤æ¤æ¤æ¤æ¤æ¤æ¤æ¤æ¤æ¤æ¤æ¤æ¤æ¤æ¤æ¤æ¤æ¤æ¤æ¤æ¤æ¤æ¤æ¤æ¤æ¤æ¤æ¤æ¤æ¤æ¤æ¤æ¤æ¤æ¤æ¤æ¤æ¤æ¤æ¤æ¤æ¤æ¤æ¤æ¤æ¤æ¤æ¤æ¤æ¤æ¤æ¤æ¤æ¤æ¤æ¤æ¤æ¤æ¤æ¤æ¤æ¤æ¤æ¤æ¤æ¤\",\"categoryId\":3,\"status\":1}','null',1,'\n### Error updating database.  Cause: com.mysql.cj.jdbc.exceptions.MysqlDataTruncation: Data truncation: Data too long for column \'name\' at row 1\n### The error may involve com.ruoyi.project.shop.mapper.VCategoryMapper.updateVCategory-Inline\n### The error occurred while setting parameters\n### SQL: update v_category          SET parent_id = ?,             name = ?,             status = ?,             order_num = ?,             icon = ?,             list_style = ?          where category_id = ?\n### Cause: com.mysql.cj.jdbc.exceptions.MysqlDataTruncation: Data truncation: Data too long for column \'name\' at row 1\n; Data truncation: Data too long for column \'name\' at row 1; nested exception is com.mysql.cj.jdbc.exceptions.MysqlDataTruncation: Data truncation: Data too long for column \'name\' at row 1','2020-04-01 06:28:02'),(222,'å•†å“ç±»ç›®',2,'com.ruoyi.project.shop.controller.VCategoryController.edit()','PUT',1,'admin',NULL,'/shop/category','127.0.0.1','å†…ç½‘IP','{\"icon\":\"/profile/upload/2020/04/01/aade0913524b73107cf2e90357a61f00.jpg\",\"orderNum\":1,\"params\":{},\"parentId\":1,\"listStyle\":1,\"children\":[],\"name\":\"æ¤æ¤æ¤æ¤æ¤æ¤æ¤æ¤æ¤æ¤æ¤æ¤æ¤æ¤æ¤æ¤æ¤æ¤æ¤æ¤æ¤æ¤æ¤æ¤æ¤æ¤æ¤æ¤æ¤æ¤æ¤æ¤æ¤æ¤æ¤æ¤æ¤æ¤æ¤æ¤æ¤æ¤æ¤æ¤æ¤æ¤æ¤æ¤æ¤æ¤æ¤æ¤æ¤æ¤æ¤æ¤æ¤æ¤æ¤æ¤æ¤æ¤æ¤æ¤æ¤æ¤æ¤æ¤æ¤æ¤æ¤æ¤æ¤æ¤æ¤æ¤æ¤æ¤æ¤æ¤æ¤æ¤æ¤æ¤æ¤æ¤æ¤æ¤æ¤æ¤æ¤æ¤æ¤æ¤æ¤æ¤æ¤æ¤æ¤æ¤æ¤æ¤æ¤æ¤æ¤æ¤æ¤æ¤æ¤æ¤æ¤æ¤æ¤æ¤æ¤æ¤æ¤æ¤æ¤æ¤æ¤æ¤æ¤æ¤æ¤æ¤æ¤æ¤\",\"categoryId\":3,\"status\":1}','{\"msg\":\"æ“ä½œæˆåŠŸ\",\"code\":200}',0,NULL,'2020-04-01 06:28:06'),(223,'å•†å“ç±»ç›®',2,'com.ruoyi.project.shop.controller.VCategoryController.edit()','PUT',1,'admin',NULL,'/shop/category','127.0.0.1','å†…ç½‘IP','{\"icon\":\"/profile/upload/2020/04/01/aade0913524b73107cf2e90357a61f00.jpg\",\"orderNum\":1,\"params\":{},\"parentId\":1,\"listStyle\":1,\"children\":[],\"name\":\"TaTaTaTaTaTaTaTaTaTaTaTaTaTaTaTaTaTaTaTaTaTaTaTaTaTaTaTaTaTaTaTaTaTaTaTaTaTaTaTaTaTaTaTaTaTaTaTaTaTaTaTaTaTaTaTaTaTaTaTaTaTaTaTaTaTaTaTaTaTaTaTaTaTaTaTaTaTaTaTaTaTaTaTaTaTaTaTaTaTa\",\"categoryId\":3,\"status\":1}','null',1,'\n### Error updating database.  Cause: com.mysql.cj.jdbc.exceptions.MysqlDataTruncation: Data truncation: Data too long for column \'name\' at row 1\n### The error may involve com.ruoyi.project.shop.mapper.VCategoryMapper.updateVCategory-Inline\n### The error occurred while setting parameters\n### SQL: update v_category          SET parent_id = ?,             name = ?,             status = ?,             order_num = ?,             icon = ?,             list_style = ?          where category_id = ?\n### Cause: com.mysql.cj.jdbc.exceptions.MysqlDataTruncation: Data truncation: Data too long for column \'name\' at row 1\n; Data truncation: Data too long for column \'name\' at row 1; nested exception is com.mysql.cj.jdbc.exceptions.MysqlDataTruncation: Data truncation: Data too long for column \'name\' at row 1','2020-04-01 06:28:45'),(224,'å•†å“ç±»ç›®',2,'com.ruoyi.project.shop.controller.VCategoryController.edit()','PUT',1,'admin',NULL,'/shop/category','127.0.0.1','å†…ç½‘IP','{\"icon\":\"/profile/upload/2020/04/01/aade0913524b73107cf2e90357a61f00.jpg\",\"orderNum\":1,\"params\":{},\"parentId\":1,\"listStyle\":1,\"children\":[],\"name\":\"TaTaTaTaTaTaTaTaTaTaTaTaTaTaTaTaTaTaTaTaTaTaTaTaTaTaTaTaTaTaTaTaTaTaTaTaTaTaTaTaTaTaTaTaTaTaTaTaTaTaTaTaTaTaTaTaTaTaTaTa\",\"categoryId\":3,\"status\":1}','{\"msg\":\"æ“ä½œæˆåŠŸ\",\"code\":200}',0,NULL,'2020-04-01 06:28:52'),(225,'å•†å“ç±»ç›®',2,'com.ruoyi.project.shop.controller.VCategoryController.edit()','PUT',1,'admin',NULL,'/shop/category','127.0.0.1','å†…ç½‘IP','{\"icon\":\"/profile/upload/2020/04/01/aade0913524b73107cf2e90357a61f00.jpg\",\"orderNum\":1,\"params\":{},\"parentId\":1,\"listStyle\":1,\"children\":[],\"name\":\"asdfssddfffTaTaTaTaTaTaTaTaTaTaTaTaTaTaTaTaTaTaTaTaTaTaTaTaTaTaTaTaTaTaTaTaTaTaTaTaTaTaTaTaTaTaTaTaTaTaTaTaTaTaTaTaTaTaTaTaTaTaTaTa\",\"categoryId\":3,\"status\":1}','null',1,'\n### Error updating database.  Cause: com.mysql.cj.jdbc.exceptions.MysqlDataTruncation: Data truncation: Data too long for column \'name\' at row 1\n### The error may involve com.ruoyi.project.shop.mapper.VCategoryMapper.updateVCategory-Inline\n### The error occurred while setting parameters\n### SQL: update v_category          SET parent_id = ?,             name = ?,             status = ?,             order_num = ?,             icon = ?,             list_style = ?          where category_id = ?\n### Cause: com.mysql.cj.jdbc.exceptions.MysqlDataTruncation: Data truncation: Data too long for column \'name\' at row 1\n; Data truncation: Data too long for column \'name\' at row 1; nested exception is com.mysql.cj.jdbc.exceptions.MysqlDataTruncation: Data truncation: Data too long for column \'name\' at row 1','2020-04-01 06:29:01'),(226,'å•†å“ç±»ç›®',2,'com.ruoyi.project.shop.controller.VCategoryController.edit()','PUT',1,'admin',NULL,'/shop/category','127.0.0.1','å†…ç½‘IP','{\"icon\":\"/profile/upload/2020/04/01/aade0913524b73107cf2e90357a61f00.jpg\",\"orderNum\":1,\"params\":{},\"parentId\":1,\"listStyle\":1,\"children\":[],\"name\":\"Tæ¤\",\"categoryId\":3,\"status\":1}','{\"msg\":\"æ“ä½œæˆåŠŸ\",\"code\":200}',0,NULL,'2020-04-01 06:29:11'),(227,'å•†å“ç±»ç›®',2,'com.ruoyi.project.shop.controller.VCategoryController.edit()','PUT',1,'admin',NULL,'/shop/category','127.0.0.1','å†…ç½‘IP','{\"icon\":\"/profile/upload/2020/04/01/aade0913524b73107cf2e90357a61f00.jpg\",\"orderNum\":1,\"params\":{},\"parentId\":1,\"listStyle\":0,\"children\":[],\"name\":\"Tæ¤\",\"categoryId\":3,\"status\":1}','{\"msg\":\"æ“ä½œæˆåŠŸ\",\"code\":200}',0,NULL,'2020-04-01 06:32:47');
/*!40000 ALTER TABLE `sys_oper_log` ENABLE KEYS */;
UNLOCK TABLES;

--
-- Table structure for table `sys_post`
--

DROP TABLE IF EXISTS `sys_post`;
/*!40101 SET @saved_cs_client     = @@character_set_client */;
/*!50503 SET character_set_client = utf8mb4 */;
CREATE TABLE `sys_post` (
  `post_id` bigint(20) NOT NULL AUTO_INCREMENT COMMENT 'å²—ä½ID',
  `post_code` varchar(64) NOT NULL COMMENT 'å²—ä½ç¼–ç ',
  `post_name` varchar(50) NOT NULL COMMENT 'å²—ä½åç§°',
  `post_sort` int(4) NOT NULL COMMENT 'æ˜¾ç¤ºé¡ºåº',
  `status` char(1) NOT NULL COMMENT 'çŠ¶æ€ï¼ˆ0æ­£å¸¸ 1åœç”¨ï¼‰',
  `create_by` varchar(64) DEFAULT '' COMMENT 'åˆ›å»ºè€…',
  `create_time` datetime DEFAULT NULL COMMENT 'åˆ›å»ºæ—¶é—´',
  `update_by` varchar(64) DEFAULT '' COMMENT 'æ›´æ–°è€…',
  `update_time` datetime DEFAULT NULL COMMENT 'æ›´æ–°æ—¶é—´',
  `remark` varchar(500) DEFAULT NULL COMMENT 'å¤‡æ³¨',
  PRIMARY KEY (`post_id`)
) ENGINE=InnoDB AUTO_INCREMENT=5 DEFAULT CHARSET=utf8mb4 COLLATE=utf8mb4_0900_ai_ci COMMENT='å²—ä½ä¿¡æ¯è¡¨';
/*!40101 SET character_set_client = @saved_cs_client */;

--
-- Dumping data for table `sys_post`
--

LOCK TABLES `sys_post` WRITE;
/*!40000 ALTER TABLE `sys_post` DISABLE KEYS */;
INSERT INTO `sys_post` VALUES (1,'ceo','è‘£äº‹é•¿',1,'0','admin','2018-03-16 11:33:00','ry','2018-03-16 11:33:00',''),(2,'se','é¡¹ç›®ç»ç†',2,'0','admin','2018-03-16 11:33:00','ry','2018-03-16 11:33:00',''),(3,'hr','äººåŠ›èµ„æº',3,'0','admin','2018-03-16 11:33:00','ry','2018-03-16 11:33:00',''),(4,'user','æ™®é€šå‘˜å·¥',4,'0','admin','2018-03-16 11:33:00','ry','2018-03-16 11:33:00','');
/*!40000 ALTER TABLE `sys_post` ENABLE KEYS */;
UNLOCK TABLES;

--
-- Table structure for table `sys_role`
--

DROP TABLE IF EXISTS `sys_role`;
/*!40101 SET @saved_cs_client     = @@character_set_client */;
/*!50503 SET character_set_client = utf8mb4 */;
CREATE TABLE `sys_role` (
  `role_id` bigint(20) NOT NULL AUTO_INCREMENT COMMENT 'è§’è‰²ID',
  `role_name` varchar(30) NOT NULL COMMENT 'è§’è‰²åç§°',
  `role_key` varchar(100) NOT NULL COMMENT 'è§’è‰²æƒé™å­—ç¬¦ä¸²',
  `role_sort` int(4) NOT NULL COMMENT 'æ˜¾ç¤ºé¡ºåº',
  `data_scope` char(1) DEFAULT '1' COMMENT 'æ•°æ®èŒƒå›´ï¼ˆ1ï¼šå…¨éƒ¨æ•°æ®æƒé™ 2ï¼šè‡ªå®šæ•°æ®æƒé™ 3ï¼šæœ¬éƒ¨é—¨æ•°æ®æƒé™ 4ï¼šæœ¬éƒ¨é—¨åŠä»¥ä¸‹æ•°æ®æƒé™ï¼‰',
  `status` char(1) NOT NULL COMMENT 'è§’è‰²çŠ¶æ€ï¼ˆ0æ­£å¸¸ 1åœç”¨ï¼‰',
  `del_flag` char(1) DEFAULT '0' COMMENT 'åˆ é™¤æ ‡å¿—ï¼ˆ0ä»£è¡¨å­˜åœ¨ 2ä»£è¡¨åˆ é™¤ï¼‰',
  `create_by` varchar(64) DEFAULT '' COMMENT 'åˆ›å»ºè€…',
  `create_time` datetime DEFAULT NULL COMMENT 'åˆ›å»ºæ—¶é—´',
  `update_by` varchar(64) DEFAULT '' COMMENT 'æ›´æ–°è€…',
  `update_time` datetime DEFAULT NULL COMMENT 'æ›´æ–°æ—¶é—´',
  `remark` varchar(500) DEFAULT NULL COMMENT 'å¤‡æ³¨',
  PRIMARY KEY (`role_id`)
) ENGINE=InnoDB AUTO_INCREMENT=100 DEFAULT CHARSET=utf8mb4 COLLATE=utf8mb4_0900_ai_ci COMMENT='è§’è‰²ä¿¡æ¯è¡¨';
/*!40101 SET character_set_client = @saved_cs_client */;

--
-- Dumping data for table `sys_role`
--

LOCK TABLES `sys_role` WRITE;
/*!40000 ALTER TABLE `sys_role` DISABLE KEYS */;
INSERT INTO `sys_role` VALUES (1,'ç®¡ç†å‘˜','admin',1,'1','0','0','admin','2018-03-16 11:33:00','ry','2018-03-16 11:33:00','ç®¡ç†å‘˜'),(2,'æ™®é€šè§’è‰²','common',2,'2','0','0','admin','2018-03-16 11:33:00','ry','2018-03-16 11:33:00','æ™®é€šè§’è‰²');
/*!40000 ALTER TABLE `sys_role` ENABLE KEYS */;
UNLOCK TABLES;

--
-- Table structure for table `sys_role_dept`
--

DROP TABLE IF EXISTS `sys_role_dept`;
/*!40101 SET @saved_cs_client     = @@character_set_client */;
/*!50503 SET character_set_client = utf8mb4 */;
CREATE TABLE `sys_role_dept` (
  `role_id` bigint(20) NOT NULL COMMENT 'è§’è‰²ID',
  `dept_id` bigint(20) NOT NULL COMMENT 'éƒ¨é—¨ID',
  PRIMARY KEY (`role_id`,`dept_id`)
) ENGINE=InnoDB DEFAULT CHARSET=utf8mb4 COLLATE=utf8mb4_0900_ai_ci COMMENT='è§’è‰²å’Œéƒ¨é—¨å…³è”è¡¨';
/*!40101 SET character_set_client = @saved_cs_client */;

--
-- Dumping data for table `sys_role_dept`
--

LOCK TABLES `sys_role_dept` WRITE;
/*!40000 ALTER TABLE `sys_role_dept` DISABLE KEYS */;
INSERT INTO `sys_role_dept` VALUES (2,100),(2,101),(2,105);
/*!40000 ALTER TABLE `sys_role_dept` ENABLE KEYS */;
UNLOCK TABLES;

--
-- Table structure for table `sys_role_menu`
--

DROP TABLE IF EXISTS `sys_role_menu`;
/*!40101 SET @saved_cs_client     = @@character_set_client */;
/*!50503 SET character_set_client = utf8mb4 */;
CREATE TABLE `sys_role_menu` (
  `role_id` bigint(20) NOT NULL COMMENT 'è§’è‰²ID',
  `menu_id` bigint(20) NOT NULL COMMENT 'èœå•ID',
  PRIMARY KEY (`role_id`,`menu_id`)
) ENGINE=InnoDB DEFAULT CHARSET=utf8mb4 COLLATE=utf8mb4_0900_ai_ci COMMENT='è§’è‰²å’Œèœå•å…³è”è¡¨';
/*!40101 SET character_set_client = @saved_cs_client */;

--
-- Dumping data for table `sys_role_menu`
--

LOCK TABLES `sys_role_menu` WRITE;
/*!40000 ALTER TABLE `sys_role_menu` DISABLE KEYS */;
INSERT INTO `sys_role_menu` VALUES (2,1),(2,2),(2,3),(2,4),(2,100),(2,101),(2,102),(2,103),(2,104),(2,105),(2,106),(2,107),(2,108),(2,109),(2,110),(2,111),(2,112),(2,113),(2,114),(2,115),(2,500),(2,501),(2,1000),(2,1001),(2,1002),(2,1003),(2,1004),(2,1005),(2,1006),(2,1007),(2,1008),(2,1009),(2,1010),(2,1011),(2,1012),(2,1013),(2,1014),(2,1015),(2,1016),(2,1017),(2,1018),(2,1019),(2,1020),(2,1021),(2,1022),(2,1023),(2,1024),(2,1025),(2,1026),(2,1027),(2,1028),(2,1029),(2,1030),(2,1031),(2,1032),(2,1033),(2,1034),(2,1035),(2,1036),(2,1037),(2,1038),(2,1039),(2,1040),(2,1041),(2,1042),(2,1043),(2,1044),(2,1045),(2,1046),(2,1047),(2,1048),(2,1049),(2,1050),(2,1051),(2,1052),(2,1053),(2,1054),(2,1055),(2,1056),(2,1057),(2,1058),(2,1059),(2,1060);
/*!40000 ALTER TABLE `sys_role_menu` ENABLE KEYS */;
UNLOCK TABLES;

--
-- Table structure for table `sys_user`
--

DROP TABLE IF EXISTS `sys_user`;
/*!40101 SET @saved_cs_client     = @@character_set_client */;
/*!50503 SET character_set_client = utf8mb4 */;
CREATE TABLE `sys_user` (
  `user_id` bigint(20) NOT NULL AUTO_INCREMENT COMMENT 'ç”¨æˆ·ID',
  `dept_id` bigint(20) DEFAULT NULL COMMENT 'éƒ¨é—¨ID',
  `user_name` varchar(30) NOT NULL COMMENT 'ç”¨æˆ·è´¦å·',
  `nick_name` varchar(30) NOT NULL COMMENT 'ç”¨æˆ·æ˜µç§°',
  `user_type` varchar(2) DEFAULT '00' COMMENT 'ç”¨æˆ·ç±»å‹ï¼ˆ00ç³»ç»Ÿç”¨æˆ·ï¼‰',
  `email` varchar(50) DEFAULT '' COMMENT 'ç”¨æˆ·é‚®ç®±',
  `phonenumber` varchar(11) DEFAULT '' COMMENT 'æ‰‹æœºå·ç ',
  `sex` char(1) DEFAULT '0' COMMENT 'ç”¨æˆ·æ€§åˆ«ï¼ˆ0ç”· 1å¥³ 2æœªçŸ¥ï¼‰',
  `avatar` varchar(100) DEFAULT '' COMMENT 'å¤´åƒåœ°å€',
  `password` varchar(100) DEFAULT '' COMMENT 'å¯†ç ',
  `status` char(1) DEFAULT '0' COMMENT 'å¸å·çŠ¶æ€ï¼ˆ0æ­£å¸¸ 1åœç”¨ï¼‰',
  `del_flag` char(1) DEFAULT '0' COMMENT 'åˆ é™¤æ ‡å¿—ï¼ˆ0ä»£è¡¨å­˜åœ¨ 2ä»£è¡¨åˆ é™¤ï¼‰',
  `login_ip` varchar(50) DEFAULT '' COMMENT 'æœ€åç™»é™†IP',
  `login_date` datetime DEFAULT NULL COMMENT 'æœ€åç™»é™†æ—¶é—´',
  `create_by` varchar(64) DEFAULT '' COMMENT 'åˆ›å»ºè€…',
  `create_time` datetime DEFAULT NULL COMMENT 'åˆ›å»ºæ—¶é—´',
  `update_by` varchar(64) DEFAULT '' COMMENT 'æ›´æ–°è€…',
  `update_time` datetime DEFAULT NULL COMMENT 'æ›´æ–°æ—¶é—´',
  `remark` varchar(500) DEFAULT NULL COMMENT 'å¤‡æ³¨',
  PRIMARY KEY (`user_id`)
) ENGINE=InnoDB AUTO_INCREMENT=100 DEFAULT CHARSET=utf8mb4 COLLATE=utf8mb4_0900_ai_ci COMMENT='ç”¨æˆ·ä¿¡æ¯è¡¨';
/*!40101 SET character_set_client = @saved_cs_client */;

--
-- Dumping data for table `sys_user`
--

LOCK TABLES `sys_user` WRITE;
/*!40000 ALTER TABLE `sys_user` DISABLE KEYS */;
INSERT INTO `sys_user` VALUES (1,103,'admin','è‹¥ä¾','00','ry@163.com','15888888888','1','/profile/avatar/2020/04/01/10bee1a5661a2c81f3817dd7e514ba5e.jpeg','$2a$10$7JB720yubVSZvUI0rEqK/.VqGOZTH.ulu33dHOiBE8ByOhJIrdAu2','0','0','127.0.0.1','2018-03-16 11:33:00','admin','2018-03-16 11:33:00','ry','2020-04-01 02:56:32','ç®¡ç†å‘˜'),(2,105,'ry','è‹¥ä¾','00','ry@qq.com','15666666666','1','','$2a$10$7JB720yubVSZvUI0rEqK/.VqGOZTH.ulu33dHOiBE8ByOhJIrdAu2','0','0','127.0.0.1','2018-03-16 11:33:00','admin','2018-03-16 11:33:00','ry','2018-03-16 11:33:00','æµ‹è¯•å‘˜');
/*!40000 ALTER TABLE `sys_user` ENABLE KEYS */;
UNLOCK TABLES;

--
-- Table structure for table `sys_user_post`
--

DROP TABLE IF EXISTS `sys_user_post`;
/*!40101 SET @saved_cs_client     = @@character_set_client */;
/*!50503 SET character_set_client = utf8mb4 */;
CREATE TABLE `sys_user_post` (
  `user_id` bigint(20) NOT NULL COMMENT 'ç”¨æˆ·ID',
  `post_id` bigint(20) NOT NULL COMMENT 'å²—ä½ID',
  PRIMARY KEY (`user_id`,`post_id`)
) ENGINE=InnoDB DEFAULT CHARSET=utf8mb4 COLLATE=utf8mb4_0900_ai_ci COMMENT='ç”¨æˆ·ä¸å²—ä½å…³è”è¡¨';
/*!40101 SET character_set_client = @saved_cs_client */;

--
-- Dumping data for table `sys_user_post`
--

LOCK TABLES `sys_user_post` WRITE;
/*!40000 ALTER TABLE `sys_user_post` DISABLE KEYS */;
INSERT INTO `sys_user_post` VALUES (1,1),(2,2);
/*!40000 ALTER TABLE `sys_user_post` ENABLE KEYS */;
UNLOCK TABLES;

--
-- Table structure for table `sys_user_role`
--

DROP TABLE IF EXISTS `sys_user_role`;
/*!40101 SET @saved_cs_client     = @@character_set_client */;
/*!50503 SET character_set_client = utf8mb4 */;
CREATE TABLE `sys_user_role` (
  `user_id` bigint(20) NOT NULL COMMENT 'ç”¨æˆ·ID',
  `role_id` bigint(20) NOT NULL COMMENT 'è§’è‰²ID',
  PRIMARY KEY (`user_id`,`role_id`)
) ENGINE=InnoDB DEFAULT CHARSET=utf8mb4 COLLATE=utf8mb4_0900_ai_ci COMMENT='ç”¨æˆ·å’Œè§’è‰²å…³è”è¡¨';
/*!40101 SET character_set_client = @saved_cs_client */;

--
-- Dumping data for table `sys_user_role`
--

LOCK TABLES `sys_user_role` WRITE;
/*!40000 ALTER TABLE `sys_user_role` DISABLE KEYS */;
INSERT INTO `sys_user_role` VALUES (1,1),(2,2);
/*!40000 ALTER TABLE `sys_user_role` ENABLE KEYS */;
UNLOCK TABLES;

--
-- Table structure for table `v_category`
--

DROP TABLE IF EXISTS `v_category`;
/*!40101 SET @saved_cs_client     = @@character_set_client */;
/*!50503 SET character_set_client = utf8mb4 */;
CREATE TABLE `v_category` (
  `category_id` bigint(20) NOT NULL AUTO_INCREMENT COMMENT 'å•†å“ç±»ç›®ID',
  `parent_id` bigint(20) NOT NULL COMMENT 'çˆ¶ID',
  `name` varchar(128) NOT NULL COMMENT 'ç±»ç›®åç§°',
  `status` tinyint(1) NOT NULL DEFAULT '1' COMMENT 'çŠ¶æ€ 1å¯ç”¨,-1ç¦ç”¨',
  `order_num` int(11) NOT NULL COMMENT 'æ’åºå·',
  `icon` varchar(1024) DEFAULT NULL COMMENT 'å›¾æ ‡åœ°å€',
  `list_style` smallint(6) DEFAULT NULL COMMENT 'åˆ—è¡¨æ ·å¼',
  `mark` varchar(512) DEFAULT NULL COMMENT 'å¤‡æ³¨ä¿¡æ¯',
  PRIMARY KEY (`category_id`)
) ENGINE=InnoDB AUTO_INCREMENT=5 DEFAULT CHARSET=utf8mb4 COLLATE=utf8mb4_0900_ai_ci COMMENT='å•†å“ç±»ç›® ';
/*!40101 SET character_set_client = @saved_cs_client */;

--
-- Dumping data for table `v_category`
--

LOCK TABLES `v_category` WRITE;
/*!40000 ALTER TABLE `v_category` DISABLE KEYS */;
INSERT INTO `v_category` VALUES (1,0,'æœè£…',1,0,NULL,0,NULL),(3,1,'Tæ¤',1,1,'/profile/upload/2020/04/01/aade0913524b73107cf2e90357a61f00.jpg',0,NULL);
/*!40000 ALTER TABLE `v_category` ENABLE KEYS */;
UNLOCK TABLES;
/*!40103 SET TIME_ZONE=@OLD_TIME_ZONE */;

/*!40101 SET SQL_MODE=@OLD_SQL_MODE */;
/*!40014 SET FOREIGN_KEY_CHECKS=@OLD_FOREIGN_KEY_CHECKS */;
/*!40014 SET UNIQUE_CHECKS=@OLD_UNIQUE_CHECKS */;
/*!40101 SET CHARACTER_SET_CLIENT=@OLD_CHARACTER_SET_CLIENT */;
/*!40101 SET CHARACTER_SET_RESULTS=@OLD_CHARACTER_SET_RESULTS */;
/*!40101 SET COLLATION_CONNECTION=@OLD_COLLATION_CONNECTION */;
/*!40111 SET SQL_NOTES=@OLD_SQL_NOTES */;

-- Dump completed on 2020-04-01 15:27:32
